Type of Event,Event Details,Link,Closing Date,Closing Time,Event Start Date,Event End Date
"Gandhi Shilp Bazar National, States, District",GSB (State) at Kullu,https://indian.handicrafts.gov.in/en/events/events-apply/NTgx,2025-11-10,23:45:00,2026-02-27,2026-03-08
"Gandhi Shilp Bazar National, States, District",GSB (State) at Udaipur,https://indian.handicrafts.gov.in/en/events/events-apply/NTc3,2025-10-31,23:45:00,2026-02-15,2026-02-24
"Gandhi Shilp Bazar National, States, District",GSB (District) at Bareilly UH,https://indian.handicrafts.gov.in/en/events/events-apply/NTc5,2025-10-31,23:45:00,2026-02-01,2026-02-07
"Gandhi Shilp Bazar National, States, District",GSB (District) at Shimla,https://indian.handicrafts.gov.in/en/events/events-apply/NTgw,2025-10-31,23:45:00,2026-02-10,2026-02-16
"Gandhi Shilp Bazar National, States, District",GSB (District) at Puri UH,https://indian.handicrafts.gov.in/en/events/events-apply/NTc4,2025-10-31,23:30:00,2026-02-06,2026-02-12
"Gandhi Shilp Bazar National, States, District",GSB (State) at Bokaro,https://indian.handicrafts.gov.in/en/events/events-apply/NTYx,2025-10-10,23:45:00,2026-01-25,2026-02-03
"Gandhi Shilp Bazar National, States, District",GSB (State) at Cuttack,https://indian.handicrafts.gov.in/en/events/events-apply/NDQy,2025-10-10,23:45:00,2026-01-26,2026-02-04
"Gandhi Shilp Bazar National, States, District",GSB (District) at Purnia,https://indian.handicrafts.gov.in/en/events/events-apply/NTg2,2025-10-10,23:45:00,2025-11-15,2025-11-21
"Gandhi Shilp Bazar National, States, District",GSB (District) at Gangtok,https://indian.handicrafts.gov.in/en/events/events-apply/NTYw,2025-10-10,23:45:00,2026-01-18,2026-01-24
"Gandhi Shilp Bazar National, States, District",GSB (District) at Jammu UH,https://indian.handicrafts.gov.in/en/events/events-apply/NTU5,2025-10-10,23:45:00,2026-01-15,2026-01-21
"Gandhi Shilp Bazar National, States, District",GSB (National) at Bengaluru,https://indian.handicrafts.gov.in/en/events/events-apply/NTcz,2025-09-30,23:45:00,2025-12-19,2025-12-28
"Gandhi Shilp Bazar National, States, District",GSB (District) at Karnal UH,https://indian.handicrafts.gov.in/en/events/events-apply/NTU4,2025-09-30,23:45:00,2026-01-09,2026-01-15
"Gandhi Shilp Bazar National, States, District",GSB (State) at Nadia,https://indian.handicrafts.gov.in/en/events/events-apply/NTU0,2025-09-30,23:45:00,2026-01-02,2026-01-11
"Gandhi Shilp Bazar National, States, District",GSB (District) at Bhubaneshwar UH,https://indian.handicrafts.gov.in/en/events/events-apply/NTUz,2025-09-30,23:45:00,2026-01-01,2026-01-07
"Gandhi Shilp Bazar National, States, District",GSB (District) at Mokokchung,https://indian.handicrafts.gov.in/en/events/events-apply/NTgz,2025-09-30,23:45:00,2025-11-11,2025-11-17
"Gandhi Shilp Bazar National, States, District",GSB (District) at Ajmer UH,https://indian.handicrafts.gov.in/en/events/events-apply/NTU2,2025-09-30,23:45:00,2026-01-06,2026-01-12
"Gandhi Shilp Bazar National, States, District",GSB (District) at Kanyakumari UH,https://indian.handicrafts.gov.in/en/events/events-apply/NTU1,2025-09-30,23:45:00,2026-01-05,2026-01-11
"Gandhi Shilp Bazar National, States, District",GSB (District) at Tirupati UH,https://indian.handicrafts.gov.in/en/events/events-apply/NTU3,2025-09-30,23:45:00,2026-01-09,2026-01-15
"Gandhi Shilp Bazar National, States, District",GSB (State) at Itanagar,https://indian.handicrafts.gov.in/en/events/events-apply/NTg1,2025-09-25,23:45:00,2025-10-09,2025-10-18
"Gandhi Shilp Bazar National, States, District",GSB (National) at Mumbai,https://indian.handicrafts.gov.in/en/events/events-apply/NTcx,2025-09-20,23:45:00,2025-12-05,2025-12-14
Dilli Haat,"Master Creations 2 - Padma Awardee, Shilp Guru and National Awardee",https://indian.handicrafts.gov.in/en/events/events-apply/NTY3,2025-09-20,23:45:00,2025-12-01,2025-12-15
"Gandhi Shilp Bazar National, States, District",GSB (District) at Mon,https://indian.handicrafts.gov.in/en/events/events-apply/NTQ5,2025-09-20,23:45:00,2025-12-07,2025-12-13
"Gandhi Shilp Bazar National, States, District",GSB (National) at Patna,https://indian.handicrafts.gov.in/en/events/events-apply/NTM4,2025-09-15,23:45:00,2025-12-22,2025-12-31
"Gandhi Shilp Bazar National, States, District",GSB (District) at Deoghar,https://indian.handicrafts.gov.in/en/events/events-apply/NTQw,2025-09-15,23:45:00,2025-12-21,2025-12-27
"Gandhi Shilp Bazar National, States, District",GSB (District) at Durgapur UH,https://indian.handicrafts.gov.in/en/events/events-apply/NTM5,2025-09-15,23:45:00,2025-12-23,2025-12-29
"Gandhi Shilp Bazar National, States, District",GSB (District) at Rampur UH,https://indian.handicrafts.gov.in/en/events/events-apply/NTQx,2025-09-15,23:45:00,2025-12-25,2025-12-31
"Gandhi Shilp Bazar National, States, District",GSB (State) at Jaisalmer,https://indian.handicrafts.gov.in/en/events/events-apply/NTQz,2025-09-15,23:45:00,2025-12-26,2026-01-04
"Gandhi Shilp Bazar National, States, District",GSB (District) at Mangaluru UH,https://indian.handicrafts.gov.in/en/events/events-apply/NTQy,2025-09-15,23:45:00,2025-12-24,2025-12-30
"Gandhi Shilp Bazar National, States, District",GSB (District) at Agra UH,https://indian.handicrafts.gov.in/en/events/events-apply/NTcy,2025-09-15,23:45:00,2025-11-17,2025-11-23
"Gandhi Shilp Bazar National, States, District",GSB (District) at Shantiniketan UH,https://indian.handicrafts.gov.in/en/events/events-apply/NTMx,2025-09-10,23:45:00,2025-12-15,2025-12-21
"Gandhi Shilp Bazar National, States, District",GSB (District) at Guntur UH,https://indian.handicrafts.gov.in/en/events/events-apply/NTM1,2025-09-10,23:45:00,2025-12-19,2025-12-25
"Gandhi Shilp Bazar National, States, District",GSB (District) at Gwalior,https://indian.handicrafts.gov.in/en/events/events-apply/NTI5,2025-09-10,23:45:00,2025-12-12,2025-12-18
"Gandhi Shilp Bazar National, States, District",GSB (District) at Aurangabad,https://indian.handicrafts.gov.in/en/events/events-apply/NTMy,2025-09-10,23:45:00,2025-12-16,2025-12-22
"Gandhi Shilp Bazar National, States, District",GSB (State) at Pune,https://indian.handicrafts.gov.in/en/events/events-apply/NTMz,2025-09-10,23:45:00,2025-12-18,2025-12-27
"Gandhi Shilp Bazar National, States, District",GSB (District) at Rajamundry,https://indian.handicrafts.gov.in/en/events/events-apply/NTMw,2025-09-10,23:45:00,2025-12-15,2025-12-21
"Gandhi Shilp Bazar National, States, District",GSB (State) at Cochin,https://indian.handicrafts.gov.in/en/events/events-apply/NTM2,2025-09-10,23:45:00,2025-12-20,2025-12-29
"Gandhi Shilp Bazar National, States, District",GSB (State) at Kolkata,https://indian.handicrafts.gov.in/en/events/events-apply/NTg0,2025-09-10,23:45:00,2025-09-15,2025-09-24
"Gandhi Shilp Bazar National, States, District",GSB (National) at Chennai,https://indian.handicrafts.gov.in/en/events/events-apply/NTM0,2025-09-10,23:45:00,2025-12-19,2025-12-28
"Gandhi Shilp Bazar National, States, District",GSB (District) at Shantiniketan UH,https://indian.handicrafts.gov.in/en/events/events-apply/NTMx,2025-09-10,23:45:00,2025-12-15,2025-12-21
"Gandhi Shilp Bazar National, States, District",GSB (District) at Bhuj UH,https://indian.handicrafts.gov.in/en/events/view/NTIw,2025-09-05,23:45:00,2025-12-01,2025-12-07
"Gandhi Shilp Bazar National, States, District",GSB (District) at Agra UH,https://indian.handicrafts.gov.in/en/events/view/NTE3,2025-09-05,23:45:00,2025-12-01,2025-12-07
"Gandhi Shilp Bazar National, States, District",GSB (District) at Navi Mumbai UH,https://indian.handicrafts.gov.in/en/events/view/NTQ3,2025-09-05,23:45:00,2025-12-06,2025-12-12
"Gandhi Shilp Bazar National, States, District",GSB (State) at Bhilai,https://indian.handicrafts.gov.in/en/events/view/NTY5,2025-09-05,23:45:00,2025-12-05,2025-12-14
"Gandhi Shilp Bazar National, States, District",GSB (District) at Hazaribagh UH,https://indian.handicrafts.gov.in/en/events/view/NTIz,2025-09-05,23:45:00,2025-12-10,2025-12-16
"Gandhi Shilp Bazar National, States, District",GSB (District) at Jodhpur UH,https://indian.handicrafts.gov.in/en/events/view/NTIy,2025-09-05,23:45:00,2025-12-04,2025-12-10
"Gandhi Shilp Bazar National, States, District",GSB (District) at Imphal UH,https://indian.handicrafts.gov.in/en/events/view/NTI4,2025-09-05,23:45:00,2025-12-08,2025-12-14
"Gandhi Shilp Bazar National, States, District",GSB (District) at Jaipur UH,https://indian.handicrafts.gov.in/en/events/view/NTIx,2025-09-05,23:45:00,2025-12-03,2025-12-09
"Gandhi Shilp Bazar National, States, District",GSB (District) at Konark UH,https://indian.handicrafts.gov.in/en/events/view/NTE5,2025-09-05,23:45:00,2025-12-01,2025-12-07
"Gandhi Shilp Bazar National, States, District",GSB (District) at Pudducherry,https://indian.handicrafts.gov.in/en/events/view/NTUy,2025-09-05,23:45:00,2025-12-05,2025-12-11
"Gandhi Shilp Bazar National, States, District",GSB (State) at Ujjain,https://indian.handicrafts.gov.in/en/events/view/NTQ0,2025-09-05,23:45:00,2025-12-05,2025-12-14
"Gandhi Shilp Bazar National, States, District",GSB (District) at Kohima,https://indian.handicrafts.gov.in/en/events/view/NTI3,2025-09-05,23:45:00,2025-12-02,2025-12-08
"Gandhi Shilp Bazar National, States, District",GSB (District) at Kolhapur,https://indian.handicrafts.gov.in/en/events/view/NTE1,2025-08-31,23:45:00,2025-11-21,2025-11-27
"Gandhi Shilp Bazar National, States, District",Gandhi Shilp Bazaar,https://indian.handicrafts.gov.in/en/events/view/NTc2,2025-08-31,23:45:00,2025-09-20,2025-09-29
"Gandhi Shilp Bazar National, States, District",GSB (District) at Varanasi UH,https://indian.handicrafts.gov.in/en/events/view/NTE4,2025-08-31,23:45:00,2025-10-14,2025-10-20
"Gandhi Shilp Bazar National, States, District",GSB (State) at Nashik,https://indian.handicrafts.gov.in/en/events/view/NTEy,2025-08-31,23:45:00,2025-11-20,2025-11-29
"Gandhi Shilp Bazar National, States, District",GSB (District) at Katra,https://indian.handicrafts.gov.in/en/events/view/NTE0,2025-08-31,23:45:00,2025-11-21,2025-11-27
"Gandhi Shilp Bazar National, States, District",GSB (District) at Navi Mumbai UH,https://indian.handicrafts.gov.in/en/events/view/NTcw,2025-08-31,23:45:00,2025-11-07,2025-11-13
"Gandhi Shilp Bazar National, States, District",GSB (District) at Indore UH,https://indian.handicrafts.gov.in/en/events/view/NTE2,2025-08-31,23:45:00,2025-11-23,2025-11-29
"Gandhi Shilp Bazar National, States, District",GSB (District) at Konark UH,https://indian.handicrafts.gov.in/en/events/view/NTQ4,2025-08-30,23:45:00,2025-11-21,2025-11-27
"Gandhi Shilp Bazar National, States, District",GSB (District) at Ajmer UH,https://indian.handicrafts.gov.in/en/events/view/NTA4,2025-08-25,23:45:00,2025-11-12,2025-11-18
"Gandhi Shilp Bazar National, States, District",GSB (State) at Karnal,https://indian.handicrafts.gov.in/en/events/view/NTI2,2025-08-25,23:45:00,2025-11-14,2025-11-23
"Gandhi Shilp Bazar National, States, District",GSB (District) at Gorakhpur,https://indian.handicrafts.gov.in/en/events/view/NTEw,2025-08-25,23:45:00,2025-11-15,2025-11-21
"Gandhi Shilp Bazar National, States, District",GSB (District) at Jhansi UH,https://indian.handicrafts.gov.in/en/events/view/NTEx,2025-08-25,23:45:00,2025-11-15,2025-11-21
"Gandhi Shilp Bazar National, States, District",GSB (District) at Ajmer UH,https://indian.handicrafts.gov.in/en/events/view/NTA4,2025-08-25,23:45:00,2025-11-12,2025-11-18
"Gandhi Shilp Bazar National, States, District",GSB (District) at Janpath,https://indian.handicrafts.gov.in/en/events/view/NTUw,2025-08-25,23:45:00,2025-11-17,2025-11-23
"Gandhi Shilp Bazar National, States, District",GSB (District) at Ahmedabad UH,https://indian.handicrafts.gov.in/en/events/view/NTY4,2025-08-25,11:45:00,2025-11-12,2025-11-18
Dilli Haat,Master Creations 1 - NMC & State Awardee,https://indian.handicrafts.gov.in/en/events/view/NTY2,2025-08-20,23:45:00,2025-10-16,2025-10-31
"Gandhi Shilp Bazar National, States, District",GSB (State) at Srinagar,https://indian.handicrafts.gov.in/en/events/view/NDMx,2025-08-20,23:45:00,2025-10-01,2025-10-10
"Gandhi Shilp Bazar National, States, District",GSB (District) at Mandi,https://indian.handicrafts.gov.in/en/events/view/NTAx,2025-08-20,23:45:00,2025-11-03,2025-11-09
"Gandhi Shilp Bazar National, States, District",GSB (District) at Bhopal UH,https://indian.handicrafts.gov.in/en/events/view/NTA0,2025-08-20,23:45:00,2025-11-05,2025-11-11
"Gandhi Shilp Bazar National, States, District",GSB (District) at Kakinada UH,https://indian.handicrafts.gov.in/en/events/view/NTAz,2025-08-20,23:45:00,2025-11-03,2025-11-09
"Gandhi Shilp Bazar National, States, District",GSB (District) at Cherapunji,https://indian.handicrafts.gov.in/en/events/view/NDk5,2025-08-20,23:45:00,2025-11-01,2025-11-07
"Gandhi Shilp Bazar National, States, District",GSB (District) at Bhuj UH,https://indian.handicrafts.gov.in/en/events/view/NTAw,2025-08-20,23:45:00,2025-11-01,2025-11-07
"Gandhi Shilp Bazar National, States, District",GSB (National) at Varanasi,https://indian.handicrafts.gov.in/en/events/view/NDk3,2025-08-20,23:45:00,2025-11-01,2025-11-10
"Gandhi Shilp Bazar National, States, District",GSB (State) at Kanpur,https://indian.handicrafts.gov.in/en/events/view/NDk2,2025-08-20,23:45:00,2025-11-01,2025-11-10
"Gandhi Shilp Bazar National, States, District",GSB (District) at Tirupati UH,https://indian.handicrafts.gov.in/en/events/view/NTAy,2025-08-20,23:45:00,2025-11-03,2025-11-09
"Gandhi Shilp Bazar National, States, District",GSB (National) at Ahmedabad,https://indian.handicrafts.gov.in/en/events/view/NTc1,2025-08-20,23:45:00,2025-09-12,2025-09-21
"Gandhi Shilp Bazar National, States, District",GSB (District) at Bhubaneshwar UH,https://indian.handicrafts.gov.in/en/events/view/NDk4,2025-08-20,23:45:00,2025-11-01,2025-11-07
"Gandhi Shilp Bazar National, States, District",GSB (State) at Prayagraj,https://indian.handicrafts.gov.in/en/events/view/NTA2,2025-08-20,23:45:00,2025-11-08,2025-11-17
"Gandhi Shilp Bazar National, States, District",GSB (District) at Gaya,https://indian.handicrafts.gov.in/en/events/view/NTA1,2025-08-20,23:45:00,2025-11-07,2025-11-13
"Gandhi Shilp Bazar National, States, District",GSB (State) at Surat,https://indian.handicrafts.gov.in/en/events/view/NTY1,2025-08-20,23:45:00,2025-11-01,2025-11-10
"Gandhi Shilp Bazar National, States, District",GSB (District) at Jagdalpur,https://indian.handicrafts.gov.in/en/events/view/NTYz,2025-08-15,23:45:00,2025-09-30,2025-10-06
"Gandhi Shilp Bazar National, States, District",GSB (District) at Kokrajhar,https://indian.handicrafts.gov.in/en/events/view/NDkw,2025-08-15,23:45:00,2025-10-19,2025-10-25
"Gandhi Shilp Bazar National, States, District",GSB (District) at Jaipur UH,https://indian.handicrafts.gov.in/en/events/view/NDkx,2025-08-15,23:45:00,2025-10-21,2025-10-27
"Gandhi Shilp Bazar National, States, District",GSB (District) at Madgaon,https://indian.handicrafts.gov.in/en/events/view/NDkz,2025-08-15,23:45:00,2025-10-26,2025-11-01
"Gandhi Shilp Bazar National, States, District",GSB (State) at Banglore (Bengaluru),https://indian.handicrafts.gov.in/en/events/view/NTI1,2025-08-15,23:45:00,2025-10-24,2025-11-02
"Gandhi Shilp Bazar National, States, District",GSB (District) at Bhopal UH,https://indian.handicrafts.gov.in/en/events/view/NTc0,2025-08-15,23:45:00,2025-09-01,2025-09-07
"Gandhi Shilp Bazar National, States, District",GSB (District) at Durg,https://indian.handicrafts.gov.in/en/events/view/NDky,2025-08-15,23:45:00,2025-10-22,2025-10-28
"Gandhi Shilp Bazar National, States, District",GSB (District) at Kolkata UH,https://indian.handicrafts.gov.in/en/events/view/NDg5,2025-08-15,23:45:00,2025-10-17,2025-10-23
"Gandhi Shilp Bazar National, States, District",GSB (State) at Trivendrum,https://indian.handicrafts.gov.in/en/events/view/NDk0,2025-08-15,23:45:00,2025-10-27,2025-11-05
"Gandhi Shilp Bazar National, States, District",GSB (District) at Jammu UH,https://indian.handicrafts.gov.in/en/events/view/NDgx,2025-08-10,23:45:00,2025-10-11,2025-10-17
"Gandhi Shilp Bazar National, States, District",GSB (District) at Dhanbad,https://indian.handicrafts.gov.in/en/events/view/NDgy,2025-08-10,23:45:00,2025-10-12,2025-10-18
"Gandhi Shilp Bazar National, States, District",GSB (District) at Haldwani,https://indian.handicrafts.gov.in/en/events/view/NDg3,2025-08-10,23:45:00,2025-10-15,2025-10-21
"Gandhi Shilp Bazar National, States, District",GSB (District) at Agartala UH,https://indian.handicrafts.gov.in/en/events/view/NDgw,2025-08-10,23:45:00,2025-10-11,2025-10-17
"Gandhi Shilp Bazar National, States, District",GSB (District) at Imphal,https://indian.handicrafts.gov.in/en/events/view/NDg1,2025-08-10,23:45:00,2025-10-14,2025-10-20
"Gandhi Shilp Bazar National, States, District",GSB (District) at Srinagar UH,https://indian.handicrafts.gov.in/en/events/view/NDg4,2025-08-10,23:45:00,2025-10-15,2025-10-21
"Gandhi Shilp Bazar National, States, District",GSB (District) at Mathura,https://indian.handicrafts.gov.in/en/events/view/NDg0,2025-08-10,23:45:00,2025-10-13,2025-10-19
"Gandhi Shilp Bazar National, States, District",GSB (District) at Mangaluru UH,https://indian.handicrafts.gov.in/en/events/view/NDg2,2025-08-10,23:45:00,2025-10-15,2025-10-21
"Gandhi Shilp Bazar National, States, District",GSB (State) at Vijayawada,https://indian.handicrafts.gov.in/en/events/view/NDc5,2025-08-10,23:45:00,2025-10-10,2025-10-19
"Gandhi Shilp Bazar National, States, District",GSB (State) at Amritsar,https://indian.handicrafts.gov.in/en/events/view/NDc4,2025-08-10,23:45:00,2025-10-10,2025-10-19
"Gandhi Shilp Bazar National, States, District",GSB (District) at Bareilly UH,https://indian.handicrafts.gov.in/en/events/view/NDgz,2025-08-10,23:45:00,2025-10-13,2025-10-19
"Gandhi Shilp Bazar National, States, District",GSB (National) at Hyderabad,https://indian.handicrafts.gov.in/en/events/view/NDY5,2025-07-31,23:45:00,2025-10-03,2025-10-12
"Gandhi Shilp Bazar National, States, District",GSB (District) at Jodhpur UH,https://indian.handicrafts.gov.in/en/events/view/NDcz,2025-07-31,23:45:00,2025-10-03,2025-10-09
"Gandhi Shilp Bazar National, States, District",GSB (District) at Varanasi UH,https://indian.handicrafts.gov.in/en/events/view/NTEz,2025-07-31,23:45:00,2025-10-05,2025-10-11
"Gandhi Shilp Bazar National, States, District",GSB (National) at Lucknow,https://indian.handicrafts.gov.in/en/events/view/NDc3,2025-07-31,23:45:00,2025-10-08,2025-10-17
"Gandhi Shilp Bazar National, States, District",GSB (District) at Rajkot,https://indian.handicrafts.gov.in/en/events/view/NDc2,2025-07-31,23:45:00,2025-10-07,2025-10-13
"Gandhi Shilp Bazar National, States, District",GSB (State) at Jabalpur,https://indian.handicrafts.gov.in/en/events/view/NTUx,2025-07-31,23:45:00,2025-09-01,2025-09-10
"Gandhi Shilp Bazar National, States, District",GSB (District) at Agra,https://indian.handicrafts.gov.in/en/events/view/NDcx,2025-07-31,23:45:00,2025-10-01,2025-10-07
"Gandhi Shilp Bazar National, States, District",GSB (District) at Darbhanga,https://indian.handicrafts.gov.in/en/events/view/NDc1,2025-07-31,23:45:00,2025-10-06,2025-10-12
"Gandhi Shilp Bazar National, States, District",GSB (State) at Panaji,https://indian.handicrafts.gov.in/en/events/view/NDcw,2025-07-31,23:45:00,2025-10-03,2025-10-12
"Gandhi Shilp Bazar National, States, District",GSB (District) at Puri UH,https://indian.handicrafts.gov.in/en/events/view/NDcy,2025-07-31,23:45:00,2025-10-03,2025-10-09
"Gandhi Shilp Bazar National, States, District",GSB (District) at Tiruvanamalai,https://indian.handicrafts.gov.in/en/events/view/NDc0,2025-07-31,23:45:00,2025-10-03,2025-10-09
"Gandhi Shilp Bazar National, States, District",GSB (State) at Nagpur,https://indian.handicrafts.gov.in/en/events/view/NDk1,2025-07-31,23:45:00,2025-10-04,2025-10-13
"Gandhi Shilp Bazar National, States, District",GSB (District) at Kakinada UH,https://indian.handicrafts.gov.in/en/events/view/NDY3,2025-07-25,23:45:00,2025-09-29,2025-10-05
"Gandhi Shilp Bazar National, States, District",GSB (State) at Ranchi,https://indian.handicrafts.gov.in/en/events/view/NDQx,2025-07-15,23:45:00,2025-09-19,2025-09-28
"Gandhi Shilp Bazar National, States, District",GSB (State) at Ludhiana City,https://indian.handicrafts.gov.in/en/events/view/NDY4,2025-07-15,23:45:00,2025-09-19,2025-09-28
"Gandhi Shilp Bazar National, States, District",GSB (State) at Shillong,https://indian.handicrafts.gov.in/en/events/view/NDI0,2025-07-15,23:45:00,2025-09-15,2025-09-24
"Gandhi Shilp Bazar National, States, District",GSB (District) at Gandhinagar,https://indian.handicrafts.gov.in/en/events/view/NTY0,2025-07-15,23:45:00,2025-07-31,2025-08-06
"Gandhi Shilp Bazar National, States, District",GSB (District) at Karnal UH,https://indian.handicrafts.gov.in/en/events/view/NDI5,2025-07-15,23:45:00,2025-09-20,2025-09-26
"Gandhi Shilp Bazar National, States, District",GSB (District) at Rampur UH,https://indian.handicrafts.gov.in/en/events/view/NDUy,2025-07-15,23:45:00,2025-09-25,2025-10-01
"Gandhi Shilp Bazar National, States, District",GSB (State) at Puducherry,https://indian.handicrafts.gov.in/en/events/view/NDM5,2025-07-10,23:45:00,2025-09-12,2025-09-21
"Gandhi Shilp Bazar National, States, District",GSB (District) at Guntur UH,https://indian.handicrafts.gov.in/en/events/view/NDU1,2025-07-10,23:45:00,2025-09-22,2025-09-28
"Gandhi Shilp Bazar National, States, District",GSB (National) at Mysuru UH,https://indian.handicrafts.gov.in/en/events/view/NDQw,2025-07-10,23:45:00,2025-09-12,2025-09-21
"Gandhi Shilp Bazar National, States, District",GSB (District) at Howrah,https://indian.handicrafts.gov.in/en/events/view/NDUx,2025-07-10,23:30:00,2025-09-16,2025-09-22
Dilli Haat,Dilli Haat - Artisans Practicing Artistic Textiles Crafts,https://indian.handicrafts.gov.in/en/events/view/NTYy,2025-07-06,23:45:00,2025-08-01,2025-08-15
"Gandhi Shilp Bazar National, States, District",GSB (District) at Muzaffarpur,https://indian.handicrafts.gov.in/en/events/view/NDM4,2025-07-05,23:45:00,2025-09-09,2025-09-15
"Gandhi Shilp Bazar National, States, District",GSB (District) at Durgapur UH,https://indian.handicrafts.gov.in/en/events/view/NDY2,2025-07-05,23:45:00,2025-09-12,2025-09-18
"Gandhi Shilp Bazar National, States, District",GSB (District) at Imphal UH,https://indian.handicrafts.gov.in/en/events/view/NDIz,2025-06-30,23:45:00,2025-09-08,2025-09-14
"Gandhi Shilp Bazar National, States, District",GSB (District) at Jhansi UH,https://indian.handicrafts.gov.in/en/events/view/NDQ4,2025-06-30,23:45:00,2025-09-08,2025-09-14
"Gandhi Shilp Bazar National, States, District",GSB (District) at Vijaywada,https://indian.handicrafts.gov.in/en/events/view/NDU0,2025-06-30,23:45:00,2025-09-08,2025-09-14
"Gandhi Shilp Bazar National, States, District",GSB (District) at Jorhat,https://indian.handicrafts.gov.in/en/events/view/NDI2,2025-06-30,23:45:00,2025-09-21,2025-09-27
"Gandhi Shilp Bazar National, States, District",GSB (District) at Agartala UH,https://indian.handicrafts.gov.in/en/events/view/NDYz,2025-06-30,23:45:00,2025-09-02,2025-09-08
"Gandhi Shilp Bazar National, States, District",GSB (State) at Madurai,https://indian.handicrafts.gov.in/en/events/view/NDM2,2025-06-30,23:45:00,2025-09-05,2025-09-14
"Gandhi Shilp Bazar National, States, District",GSB (District) at Shantiniketan UH,https://indian.handicrafts.gov.in/en/events/view/NDM1,2025-06-30,23:45:00,2025-09-01,2025-09-07
"Gandhi Shilp Bazar National, States, District",GSB (District) at Srinagar UH,https://indian.handicrafts.gov.in/en/events/view/NDI4,2025-06-30,23:45:00,2025-08-20,2025-08-26
"Gandhi Shilp Bazar National, States, District",GSB (District) at Dimapur UH,https://indian.handicrafts.gov.in/en/events/view/NDY1,2025-06-30,23:45:00,2025-09-02,2025-09-08
"Gandhi Shilp Bazar National, States, District",GSB (District) at Calicut (Kozhikode),https://indian.handicrafts.gov.in/en/events/view/NDYx,2025-06-30,23:45:00,2025-08-29,2025-09-04
"Gandhi Shilp Bazar National, States, District",GSB (State) at Bhopal UH,https://indian.handicrafts.gov.in/en/events/view/NDY0,2025-06-30,23:45:00,2025-09-02,2025-09-11
"Gandhi Shilp Bazar National, States, District",GSB (District) at Coimbatore,https://indian.handicrafts.gov.in/en/events/view/NDQ3,2025-06-30,23:45:00,2025-09-03,2025-09-09
"Gandhi Shilp Bazar National, States, District",GSB (District) at Prayagraj,https://indian.handicrafts.gov.in/en/events/view/NDUw,2025-06-30,23:45:00,2025-09-10,2025-09-16
"Gandhi Shilp Bazar National, States, District",GSB (State) at Patna,https://indian.handicrafts.gov.in/en/events/view/NDM3,2025-06-30,23:45:00,2025-09-05,2025-09-14
"Gandhi Shilp Bazar National, States, District",GSB (District) at Kanyakumari UH,https://indian.handicrafts.gov.in/en/events/view/NDQ5,2025-06-30,23:45:00,2025-09-08,2025-09-14
"Gandhi Shilp Bazar National, States, District",GSB (District) at Mamallapuram UH,https://indian.handicrafts.gov.in/en/events/view/NDYw,2025-06-20,23:45:00,2025-08-11,2025-08-17
"Gandhi Shilp Bazar National, States, District",GSB (State) at Noida,https://indian.handicrafts.gov.in/en/events/view/NDM0,2025-06-15,23:45:00,2025-08-01,2025-08-10
"Gandhi Shilp Bazar National, States, District",GSB (District) at Bhatinda,https://indian.handicrafts.gov.in/en/events/view/NDI3,2025-06-15,23:45:00,2025-08-01,2025-08-07
"Gandhi Shilp Bazar National, States, District",GSB (District) at Leh,https://indian.handicrafts.gov.in/en/events/view/NDQ2,2025-06-15,23:45:00,2025-08-01,2025-08-07
"Gandhi Shilp Bazar National, States, District",GSB (State) at Chennai,https://indian.handicrafts.gov.in/en/events/view/NDU4,2025-06-15,23:45:00,2025-08-01,2025-08-10
"Gandhi Shilp Bazar National, States, District",GSB (District) at Kolkata UH,https://indian.handicrafts.gov.in/en/events/view/NDU2,2025-06-15,23:45:00,2025-08-01,2025-08-07
"Gandhi Shilp Bazar National, States, District",GSB (State) at Vadodara,https://indian.handicrafts.gov.in/en/events/view/NTQ1,2025-06-10,23:45:00,2025-07-05,2025-07-14
"Gandhi Shilp Bazar National, States, District",GSB (District) at Dimapur UH,https://indian.handicrafts.gov.in/en/events/view/NDIy,2025-06-01,23:45:00,2025-07-07,2025-07-13
"Gandhi Shilp Bazar National, States, District",GSB (District) at Dimapur UH,https://indian.handicrafts.gov.in/en/events/view/NDIy,2025-06-01,23:45:00,2025-07-07,2025-07-13
"Gandhi Shilp Bazar National, States, District",GSB (District) at Indore UH,https://indian.handicrafts.gov.in/en/events/view/NDQz,2025-05-31,23:45:00,2025-07-01,2025-07-07
"Gandhi Shilp Bazar National, States, District",GSB (District) at Haridwar,https://indian.handicrafts.gov.in/en/events/view/NDQ0,2025-05-31,23:45:00,2025-07-01,2025-07-07
"Gandhi Shilp Bazar National, States, District",GSB (District) at Hubli,https://indian.handicrafts.gov.in/en/events/view/NDUz,2025-05-31,23:45:00,2025-07-17,2025-07-23
"Gandhi Shilp Bazar National, States, District",GSB (District) at Port Blair,https://indian.handicrafts.gov.in/en/events/view/NDQ1,2025-05-31,23:45:00,2025-07-17,2025-07-23
"Gandhi Shilp Bazar National, States, District",GSB (State) at Dehradun,https://indian.handicrafts.gov.in/en/events/view/NDMz,2025-05-31,23:45:00,2025-07-01,2025-07-10
"Gandhi Shilp Bazar National, States, District",GSB (District) at Aizwal,https://indian.handicrafts.gov.in/en/events/view/NDI1,2025-05-30,23:45:00,2025-07-01,2025-07-07
Dilli Haat,Dilli Haat - GI Crafts - Non Textiles based Crafts,https://indian.handicrafts.gov.in/en/events/view/NDU5,2025-05-11,23:45:00,2025-06-01,2025-06-15
Dilli Haat,DILLI HAAT - SC Artisans - Non Textiles Based Crafts,https://indian.handicrafts.gov.in/en/events/view/NDU3,2025-05-04,23:45:00,2025-05-16,2025-05-31
"Gandhi Shilp Bazar National, States, District",GSB (National) at Guwahati,https://indian.handicrafts.gov.in/en/events/view/NDIx,2025-05-04,23:45:00,2025-06-01,2025-06-10
"Gandhi Shilp Bazar National, States, District",GSB (District) at Hazaribagh UH,https://indian.handicrafts.gov.in/en/events/view/NDMy,2025-04-30,23:45:00,2025-05-14,2025-05-20
"Gandhi Shilp Bazar National, States, District",GSB (State) at Indore,https://indian.handicrafts.gov.in/en/events/view/NDMw,2025-04-27,23:45:00,2025-05-06,2025-05-15
Dilli Haat,Dilli Haat - Non textile-based Crafts from PAN India except Northern Region,https://indian.handicrafts.gov.in/en/events/view/NDIw,2025-04-14,23:45:00,2025-05-01,2025-05-15
Dilli Haat,Dilli Haat - Non textile-based Crafts from Northern Region,https://indian.handicrafts.gov.in/en/events/view/NDE5,2025-04-08,23:45:00,2025-04-16,2025-04-30
"Gandhi Shilp Bazar National, States, District",GSB(National)-Agartala,https://indian.handicrafts.gov.in/en/events/view/NDE4,2025-03-05,23:45:00,2025-03-15,2025-03-24
"Gandhi Shilp Bazar National, States, District",Gandhi Shilp Bazaar at JSS Mysore UH,https://indian.handicrafts.gov.in/en/events/view/NDE0,2025-02-27,23:45:00,2025-03-14,2025-03-23
"Gandhi Shilp Bazar National, States, District",GSB(National)-Lucknow,https://indian.handicrafts.gov.in/en/events/view/NDE1,2025-02-20,23:45:00,2025-03-01,2025-03-10
"Gandhi Shilp Bazar National, States, District",GSB(National) at Patna,https://indian.handicrafts.gov.in/en/events/view/NDE2,2025-02-20,23:45:00,2025-02-27,2025-03-08
"Gandhi Shilp Bazar National, States, District",GSB(District)-Srinagar UH,https://indian.handicrafts.gov.in/en/events/view/NDE3,2025-02-20,23:45:00,2025-03-07,2025-03-13
"Gandhi Shilp Bazar National, States, District",GSB(District)-Haridwar,https://indian.handicrafts.gov.in/en/events/view/Mzk0,2025-02-15,23:45:00,2025-03-17,2025-03-23
"Gandhi Shilp Bazar National, States, District",Gandhi shilp Bazaar at DHS Varanasi,https://indian.handicrafts.gov.in/en/events/view/NDEz,2025-02-15,23:45:00,2025-02-27,2025-03-08
"Gandhi Shilp Bazar National, States, District",GSB (District)-Varanasi UH,https://indian.handicrafts.gov.in/en/events/view/NDEx,2025-02-05,23:45:00,2025-03-03,2025-03-09
"Gandhi Shilp Bazar National, States, District",GSB(State)- Mysuru UH,https://indian.handicrafts.gov.in/en/events/view/NDEy,2025-02-02,23:45:00,2025-02-14,2025-02-23
"Gandhi Shilp Bazar National, States, District",GSB(District)-Varanasi UH,https://indian.handicrafts.gov.in/en/events/view/MzI5,2025-01-20,23:45:00,2025-02-23,2025-03-01
"Gandhi Shilp Bazar National, States, District",GSB(District)-Bhuj UH,https://indian.handicrafts.gov.in/en/events/view/Mzgx,2025-01-20,23:45:00,2025-02-21,2025-02-27
"Gandhi Shilp Bazar National, States, District",GSB(National)-Chennai,https://indian.handicrafts.gov.in/en/events/view/Mzc3,2025-01-15,23:45:00,2025-02-14,2025-02-23
"Gandhi Shilp Bazar National, States, District",GSB(State)-Vadodara,https://indian.handicrafts.gov.in/en/events/view/Mzgw,2025-01-15,23:45:00,2025-02-14,2025-02-23
"Gandhi Shilp Bazar National, States, District",GSB(State)-Kurukshetra,https://indian.handicrafts.gov.in/en/events/view/NDEw,2025-01-15,22:45:00,2025-01-31,2025-02-09
"Gandhi Shilp Bazar National, States, District",GSB(State)-Shillong,https://indian.handicrafts.gov.in/en/events/view/NDA0,2025-01-10,23:45:00,2025-02-11,2025-02-20
"Gandhi Shilp Bazar National, States, District",Gandhi Shilp Bazaar at Ujjain,https://indian.handicrafts.gov.in/en/events/view/NDA4,2025-01-10,23:45:00,2025-01-31,2025-02-09
"Gandhi Shilp Bazar National, States, District",Surajkund Craft Mela 2025,https://indian.handicrafts.gov.in/en/events/view/NDA5,2025-01-07,23:45:00,2025-02-07,2025-02-23
"Gandhi Shilp Bazar National, States, District",GSB(District)-Mamallapuram UH,https://indian.handicrafts.gov.in/en/events/view/Mzc5,2025-01-05,23:45:00,2025-02-08,2025-02-14
"Gandhi Shilp Bazar National, States, District",Gandhi Shilp Bazaar at Indore,https://indian.handicrafts.gov.in/en/events/view/NDA3,2024-12-26,23:45:00,2025-01-10,2025-01-19
"Gandhi Shilp Bazar National, States, District",GSB(District)-Agra,https://indian.handicrafts.gov.in/en/events/view/Mzk4,2024-12-25,23:45:00,2025-01-28,2025-02-03
"Gandhi Shilp Bazar National, States, District",GSB(State)-Pudducherry,https://indian.handicrafts.gov.in/en/events/view/NDA1,2024-12-23,23:45:00,2025-01-10,2025-01-19
"Gandhi Shilp Bazar National, States, District",GSB(National)-Shilparamam (Madhapur),https://indian.handicrafts.gov.in/en/events/view/NDA2,2024-12-15,23:45:00,2025-01-08,2025-01-17
"Gandhi Shilp Bazar National, States, District",GSB(District)-Kakinada UH,https://indian.handicrafts.gov.in/en/events/view/Mzc4,2024-12-10,23:45:00,2025-01-10,2025-01-16
"Gandhi Shilp Bazar National, States, District",GSB(State)-Chennai,https://indian.handicrafts.gov.in/en/events/view/Mzgy,2024-12-10,23:45:00,2025-01-11,2025-01-20
"Gandhi Shilp Bazar National, States, District",GSB(District)-Jhansi UH,https://indian.handicrafts.gov.in/en/events/view/Mzg4,2024-12-10,23:45:00,2025-01-11,2025-01-17
"Gandhi Shilp Bazar National, States, District",GSB(National)-Prayagraj (Kumbh Mela),https://indian.handicrafts.gov.in/en/events/view/Mzkz,2024-12-10,23:45:00,2025-01-10,2025-01-19
"Gandhi Shilp Bazar National, States, District",GSB(District)-Kanyakumari UH,https://indian.handicrafts.gov.in/en/events/view/Mzc2,2024-12-05,23:45:00,2025-01-06,2025-01-12
"Gandhi Shilp Bazar National, States, District",GSB at Lucknow,https://indian.handicrafts.gov.in/en/events/view/NDAy,2024-12-04,23:45:00,2024-12-13,2024-12-22
"Gandhi Shilp Bazar National, States, District",GSB(State)-Nadia,https://indian.handicrafts.gov.in/en/events/view/Mzc1,2024-11-30,23:45:00,2025-01-03,2025-01-12
"Gandhi Shilp Bazar National, States, District",GSB(District)-Konark UH,https://indian.handicrafts.gov.in/en/events/view/Mjk2,2024-11-25,23:45:00,2024-12-27,2025-01-02
"Gandhi Shilp Bazar National, States, District",GSB(District)-Mangaluru UH,https://indian.handicrafts.gov.in/en/events/view/MzM4,2024-11-25,23:45:00,2024-12-24,2024-12-30
"Gandhi Shilp Bazar National, States, District",GSB(District)-Puri UH,https://indian.handicrafts.gov.in/en/events/view/MzU2,2024-11-25,23:45:00,2024-12-25,2024-12-31
"Gandhi Shilp Bazar National, States, District",GSB(State)-Dehradun,https://indian.handicrafts.gov.in/en/events/view/MzY1,2024-11-25,23:45:00,2024-12-27,2025-01-05
"Gandhi Shilp Bazar National, States, District",GSB(District)-Imphal,https://indian.handicrafts.gov.in/en/events/view/Mzg3,2024-11-25,23:45:00,2024-12-23,2024-12-29
"Gandhi Shilp Bazar National, States, District",GSB(District)-Shantiniketan UH,https://indian.handicrafts.gov.in/en/events/view/MzAx,2024-11-20,23:45:00,2024-12-24,2024-12-30
"Gandhi Shilp Bazar National, States, District",GSB(District)-Gaya,https://indian.handicrafts.gov.in/en/events/view/MzI3,2024-11-20,23:45:00,2024-12-20,2024-12-26
"Gandhi Shilp Bazar National, States, District",GSB(District)-Guntur UH,https://indian.handicrafts.gov.in/en/events/view/MzM2,2024-11-20,23:45:00,2024-12-20,2024-12-26
"Gandhi Shilp Bazar National, States, District",GSB(District)-Kanyakumari UH,https://indian.handicrafts.gov.in/en/events/view/MzM3,2024-11-20,23:45:00,2024-12-21,2024-12-27
"Gandhi Shilp Bazar National, States, District",GSB(State)-Ernakulam(cochin),https://indian.handicrafts.gov.in/en/events/view/MzQx,2024-11-20,23:45:00,2024-12-22,2024-12-31
"Gandhi Shilp Bazar National, States, District",GSB(State)-Jaipur,https://indian.handicrafts.gov.in/en/events/view/MzY2,2024-11-20,23:45:00,2024-12-21,2024-12-30
"Gandhi Shilp Bazar National, States, District",GSB(District)-Bhuj UH,https://indian.handicrafts.gov.in/en/events/view/Mzcw,2024-11-20,23:45:00,2024-12-21,2024-12-27
"Gandhi Shilp Bazar National, States, District",GSB(District)-Kolhapur,https://indian.handicrafts.gov.in/en/events/view/Mzcx,2024-11-20,23:45:00,2024-12-22,2024-12-28
"Gandhi Shilp Bazar National, States, District",GSB(District)-Ajmer UH,https://indian.handicrafts.gov.in/en/events/view/Mzgz,2024-11-20,23:45:00,2024-12-22,2024-12-28
"Gandhi Shilp Bazar National, States, District",GSB(District)-Indore UH,https://indian.handicrafts.gov.in/en/events/view/Mzg1,2024-11-20,23:45:00,2024-12-20,2024-12-26
"Gandhi Shilp Bazar National, States, District",GSB(State)-Udaipur,https://indian.handicrafts.gov.in/en/events/view/Mzk1,2024-11-20,23:45:00,2024-12-22,2024-12-31
"Gandhi Shilp Bazar National, States, District",Gandhi Shilp Bazar_testing,https://indian.handicrafts.gov.in/en/events/view/NDAz,2024-11-20,14:45:00,2024-11-20,2024-11-30
"Gandhi Shilp Bazar National, States, District",GSB(District)-Bhatinda,https://indian.handicrafts.gov.in/en/events/view/MzU1,2024-11-15,23:45:00,2024-12-15,2024-12-21
"Gandhi Shilp Bazar National, States, District",GSB(State)-Ranchi,https://indian.handicrafts.gov.in/en/events/view/MzY3,2024-11-15,23:45:00,2024-12-13,2024-12-22
"Gandhi Shilp Bazar National, States, District",test_2,https://indian.handicrafts.gov.in/en/events/view/NDAx,2024-11-14,15:15:00,2024-11-14,2024-11-15
"Gandhi Shilp Bazar National, States, District",GSB (National)- Guwahati,https://indian.handicrafts.gov.in/en/events/view/Mjc3,2024-11-10,23:45:00,2024-12-10,2024-12-19
"Gandhi Shilp Bazar National, States, District",GSB(District)-Konark UH,https://indian.handicrafts.gov.in/en/events/view/Mjk1,2024-11-10,23:45:00,2024-12-18,2024-12-24
"Gandhi Shilp Bazar National, States, District",GSB(State)-Madurai,https://indian.handicrafts.gov.in/en/events/view/MzM0,2024-11-10,23:45:00,2024-12-13,2024-12-22
"Gandhi Shilp Bazar National, States, District",GSB(District)-Mon,https://indian.handicrafts.gov.in/en/events/view/MzUy,2024-11-10,23:45:00,2024-12-11,2024-12-17
"Gandhi Shilp Bazar National, States, District",GSB(District)-Ayodhya UH,https://indian.handicrafts.gov.in/en/events/view/Mzky,2024-11-10,23:45:00,2024-12-10,2024-12-16
"Gandhi Shilp Bazar National, States, District",GSB(District)-Bhubaneshwar UH,https://indian.handicrafts.gov.in/en/events/view/MzI2,2024-11-05,23:45:00,2024-12-08,2024-12-14
"Gandhi Shilp Bazar National, States, District",GSB(District)-Tirupati UH,https://indian.handicrafts.gov.in/en/events/view/MzM1,2024-11-05,23:45:00,2024-12-06,2024-12-12
"Gandhi Shilp Bazar National, States, District",GSB(District)-Madgaon,https://indian.handicrafts.gov.in/en/events/view/Mzcy,2024-11-05,23:45:00,2024-12-05,2024-12-11
Hiring of Stall,test_2,https://indian.handicrafts.gov.in/en/events/view/NDAw,2024-11-04,15:15:00,2024-11-04,2024-11-15
"Gandhi Shilp Bazar National, States, District",Demo,https://indian.handicrafts.gov.in/en/events/view/Mzk5,2024-11-04,14:30:00,2024-11-04,2024-11-15
"Gandhi Shilp Bazar National, States, District",GSB(District)-Durgapur UH,https://indian.handicrafts.gov.in/en/events/view/Mjk4,2024-10-31,23:45:00,2024-12-03,2024-12-09
"Gandhi Shilp Bazar National, States, District",GSB(District)-Kohima,https://indian.handicrafts.gov.in/en/events/view/MzA2,2024-10-31,23:45:00,2024-12-01,2024-12-07
"Gandhi Shilp Bazar National, States, District",GSB(District)-Puri UH,https://indian.handicrafts.gov.in/en/events/view/MzI1,2024-10-31,23:45:00,2024-12-01,2024-12-07
"Gandhi Shilp Bazar National, States, District",GSB(District)-Jammu UH,https://indian.handicrafts.gov.in/en/events/view/MzMy,2024-10-31,23:45:00,2024-12-01,2024-12-07
"Gandhi Shilp Bazar National, States, District",GSB(State)-Panji,https://indian.handicrafts.gov.in/en/events/view/MzY4,2024-10-31,23:45:00,2024-11-29,2024-12-08
"Gandhi Shilp Bazar National, States, District",GSB(District)-Gwalior,https://indian.handicrafts.gov.in/en/events/view/MzY5,2024-10-31,23:45:00,2024-12-01,2024-12-07
"Gandhi Shilp Bazar National, States, District",GSB(District)-Ahmedabad UH,https://indian.handicrafts.gov.in/en/events/view/MzY0,2024-10-30,23:45:00,2024-11-27,2024-12-03
Craft Demonstration cum Awareness Program (CDAP),test_2,https://indian.handicrafts.gov.in/en/events/view/Mzk3,2024-10-28,15:15:00,2024-09-28,2024-09-30
"Gandhi Shilp Bazar National, States, District",GSB(District)-Ajmer UH,https://indian.handicrafts.gov.in/en/events/view/MzMx,2024-10-25,23:45:00,2024-11-24,2024-11-30
"Gandhi Shilp Bazar National, States, District",GSB(District)-Imphal UH,https://indian.handicrafts.gov.in/en/events/view/MzU3,2024-10-25,23:45:00,2024-11-26,2024-12-02
"Gandhi Shilp Bazar National, States, District",GSB(State)-Bhilai,https://indian.handicrafts.gov.in/en/events/view/MzYz,2024-10-25,23:45:00,2024-11-22,2024-12-01
"Gandhi Shilp Bazar National, States, District",test_2,https://indian.handicrafts.gov.in/en/events/view/Mzk2,2024-10-25,15:00:00,2024-09-24,2024-09-30
Dilli Haat,Dilli Haat (Master Creation-2),https://indian.handicrafts.gov.in/en/events/view/MjY2,2024-10-23,23:45:00,2024-12-01,2024-12-15
Fashion Show,DEMOLive,https://indian.handicrafts.gov.in/en/events/view/Mzkx,2024-10-21,17:30:00,2024-09-20,2024-09-30
"Gandhi Shilp Bazar National, States, District",GSB(District)-Ahmedabad UH,https://indian.handicrafts.gov.in/en/events/view/MzEz,2024-10-20,23:45:00,2024-11-20,2024-11-26
"Gandhi Shilp Bazar National, States, District",GSB(State)-Bokaro,https://indian.handicrafts.gov.in/en/events/view/MzI0,2024-10-20,23:45:00,2024-11-22,2024-12-01
"Gandhi Shilp Bazar National, States, District",GSB(District)-Gandhinagar,https://indian.handicrafts.gov.in/en/events/view/MzYy,2024-10-20,23:45:00,2024-11-21,2024-11-27
"Gandhi Shilp Bazar National, States, District","Toshali Craft Mela 2024 (GSB National), Bhubaneswar",https://indian.handicrafts.gov.in/en/events/view/Mzg2,2024-10-20,23:45:00,2024-12-01,2024-12-12
Dilli Haat,Dilli Haat,https://indian.handicrafts.gov.in/en/events/view/MjY1,2024-10-15,23:45:00,2024-11-16,2024-11-30
"Gandhi Shilp Bazar National, States, District",GSB(District)-Bhuvaneshwar UH,https://indian.handicrafts.gov.in/en/events/view/MzIz,2024-10-15,23:45:00,2024-11-15,2024-11-21
"Gandhi Shilp Bazar National, States, District",GSB(District)-Navi Mumbai UH,https://indian.handicrafts.gov.in/en/events/view/MzYx,2024-10-15,23:45:00,2024-11-15,2024-11-21
"Gandhi Shilp Bazar National, States, District",GSB(District)-Imphal UH,https://indian.handicrafts.gov.in/en/events/view/Mzcz,2024-10-15,23:45:00,2024-11-12,2024-11-18
"Gandhi Shilp Bazar National, States, District",GSB(District)-Durgapur UH,https://indian.handicrafts.gov.in/en/events/view/Mjk3,2024-10-10,23:45:00,2024-11-19,2024-11-25
"Gandhi Shilp Bazar National, States, District",GSB(State)-Nashik,https://indian.handicrafts.gov.in/en/events/view/MzUw,2024-10-10,23:45:00,2024-11-08,2024-11-17
"Gandhi Shilp Bazar National, States, District",GSB(District)-Bhopal UH,https://indian.handicrafts.gov.in/en/events/view/MzYw,2024-10-10,23:45:00,2024-11-11,2024-11-17
"Gandhi Shilp Bazar National, States, District",GSB- Bhopal (STATE),https://indian.handicrafts.gov.in/en/events/view/Mzg0,2024-10-06,16:15:00,2024-10-21,2024-10-30
"Gandhi Shilp Bazar National, States, District",GSB(District)-Jodhpur UH,https://indian.handicrafts.gov.in/en/events/view/MzIy,2024-10-05,23:45:00,2024-11-04,2024-11-10
"Gandhi Shilp Bazar National, States, District",GSB(National)-Varanasi,https://indian.handicrafts.gov.in/en/events/view/MzI4,2024-10-05,23:45:00,2024-11-09,2024-11-18
"Gandhi Shilp Bazar National, States, District",GSB(State)-Chandigarh,https://indian.handicrafts.gov.in/en/events/view/MzMw,2024-10-05,23:45:00,2024-11-05,2024-11-14
"Gandhi Shilp Bazar National, States, District",GSB(District)-Kakinada UH,https://indian.handicrafts.gov.in/en/events/view/MzMz,2024-10-05,23:45:00,2024-11-08,2024-11-14
"Gandhi Shilp Bazar National, States, District",GSB(District)-Agartala UH,https://indian.handicrafts.gov.in/en/events/view/MzA1,2024-09-30,23:45:00,2024-11-01,2024-11-07
"Gandhi Shilp Bazar National, States, District",GSB(District)-Mamallapuram UH,https://indian.handicrafts.gov.in/en/events/view/MzA5,2024-09-30,23:45:00,2024-11-04,2024-11-10
"Gandhi Shilp Bazar National, States, District",GSB(State)-Thiruvanathapuram (Trivandrum),https://indian.handicrafts.gov.in/en/events/view/MzU4,2024-09-30,23:45:00,2024-10-28,2024-11-06
Dilli Haat,Dilli Haat (SAMARTH Training artisans),https://indian.handicrafts.gov.in/en/events/view/MjY0,2024-09-29,17:00:00,2024-11-01,2024-11-15
"Gandhi Shilp Bazar National, States, District",GSB(District)-Hazaribagh UH,https://indian.handicrafts.gov.in/en/events/view/MzE5,2024-09-20,23:45:00,2024-10-21,2024-10-27
"Gandhi Shilp Bazar National, States, District",GSB(State)-Ujjain,https://indian.handicrafts.gov.in/en/events/view/MzQ0,2024-09-20,23:45:00,2024-10-18,2024-10-27
"Gandhi Shilp Bazar National, States, District",GSB(District0-Raipur UH,https://indian.handicrafts.gov.in/en/events/view/MzQ1,2024-09-20,23:45:00,2024-10-20,2024-10-26
"Gandhi Shilp Bazar National, States, District",GSB(District)-Mathura,https://indian.handicrafts.gov.in/en/events/view/MzU0,2024-09-20,23:45:00,2024-10-23,2024-10-29
"Gandhi Shilp Bazar National, States, District",GSB(State)-Nagpur,https://indian.handicrafts.gov.in/en/events/view/MzU5,2024-09-20,23:45:00,2024-10-18,2024-10-27
"Gandhi Shilp Bazar National, States, District","Gandhi Shilp Bazaar (A Handicrafts Expo)  at Silchar, Assam",https://indian.handicrafts.gov.in/en/events/view/Mzc0,2024-09-19,13:00:00,2024-09-27,2024-10-06
"Gandhi Shilp Bazar National, States, District",GSB(District)-Shantiniketan UH,https://indian.handicrafts.gov.in/en/events/view/MzAw,2024-09-15,23:45:00,2024-10-22,2024-10-28
"Gandhi Shilp Bazar National, States, District",GSB(District)-Darbhanga,https://indian.handicrafts.gov.in/en/events/view/MzE3,2024-09-15,23:45:00,2024-10-18,2024-10-24
"Gandhi Shilp Bazar National, States, District",GSB(District)-Kolkata UH,https://indian.handicrafts.gov.in/en/events/view/MzE4,2024-09-15,23:45:00,2024-10-18,2024-10-24
"Gandhi Shilp Bazar National, States, District",GSB(District)-Jagdalpur,https://indian.handicrafts.gov.in/en/events/view/MzQy,2024-09-15,23:45:00,2024-10-15,2024-10-21
"Gandhi Shilp Bazar National, States, District",GSB(State)-Indore,https://indian.handicrafts.gov.in/en/events/view/MzQz,2024-09-15,23:45:00,2024-10-18,2024-10-27
"Gandhi Shilp Bazar National, States, District",GSB(National)-Ahmedabad,https://indian.handicrafts.gov.in/en/events/view/MzQ5,2024-09-15,23:45:00,2024-10-15,2024-10-24
"Gandhi Shilp Bazar National, States, District",GSB(District)-Dimapur UH,https://indian.handicrafts.gov.in/en/events/view/MzA0,2024-09-15,12:45:00,2024-10-21,2024-10-27
"Gandhi Shilp Bazar National, States, District",GSB(District)-Mandi,https://indian.handicrafts.gov.in/en/events/view/Mjg0,2024-09-10,23:45:00,2024-10-01,2024-10-07
"Gandhi Shilp Bazar National, States, District",GSB(District)-Karnal UH,https://indian.handicrafts.gov.in/en/events/view/MzUz,2024-09-08,23:45:00,2024-10-01,2024-10-07
"Gandhi Shilp Bazar National, States, District",GSB(District)-Jammu UH,https://indian.handicrafts.gov.in/en/events/view/MzAy,2024-09-05,23:45:00,2024-10-11,2024-10-17
"Gandhi Shilp Bazar National, States, District",GSB(District)-Guntur UH,https://indian.handicrafts.gov.in/en/events/view/MzA4,2024-09-05,23:45:00,2024-10-09,2024-10-15
"Gandhi Shilp Bazar National, States, District",GSB(State)-Ludhiana,https://indian.handicrafts.gov.in/en/events/view/MzIw,2024-09-05,23:45:00,2024-10-06,2024-10-15
"Gandhi Shilp Bazar National, States, District",GSB(District)-Jaipur UH,https://indian.handicrafts.gov.in/en/events/view/MzIx,2024-09-05,23:45:00,2024-10-06,2024-10-12
"Gandhi Shilp Bazar National, States, District",GSB(State)-Jabalpur,https://indian.handicrafts.gov.in/en/events/view/MzQ3,2024-09-05,23:45:00,2024-10-04,2024-10-13
"Gandhi Shilp Bazar National, States, District",GSB(State)-Pune,https://indian.handicrafts.gov.in/en/events/view/MzQ4,2024-09-05,23:45:00,2024-10-04,2024-10-13
"Gandhi Shilp Bazar National, States, District",GSB (District) at Muzaffarpur,https://indian.handicrafts.gov.in/en/events/view/Mjcw,2024-08-31,23:45:00,2024-09-28,2024-10-04
"Gandhi Shilp Bazar National, States, District",GSB(District)-Agartala UH,https://indian.handicrafts.gov.in/en/events/view/MzAz,2024-08-31,23:45:00,2024-10-01,2024-10-07
"Gandhi Shilp Bazar National, States, District",GSB(State)-Kanpur,https://indian.handicrafts.gov.in/en/events/view/MzEw,2024-08-31,23:45:00,2024-10-01,2024-10-10
"Gandhi Shilp Bazar National, States, District",GSB(District)-Kolkata UH,https://indian.handicrafts.gov.in/en/events/view/MzEy,2024-08-31,23:45:00,2024-10-01,2024-10-07
"Gandhi Shilp Bazar National, States, District",GSB(District)-Deoghar,https://indian.handicrafts.gov.in/en/events/view/MzE1,2024-08-31,23:45:00,2024-10-02,2024-10-08
"Gandhi Shilp Bazar National, States, District",GSB(State)-cuttack,https://indian.handicrafts.gov.in/en/events/view/MzE2,2024-08-31,23:45:00,2024-10-04,2024-10-13
"Gandhi Shilp Bazar National, States, District",GSB(District)-Navi Mumbai UH,https://indian.handicrafts.gov.in/en/events/view/MzQ2,2024-08-30,23:45:00,2024-09-27,2024-10-03
Dilli Haat,Dilli Haat (Master Creation-1),https://indian.handicrafts.gov.in/en/events/view/MjYz,2024-08-29,16:45:00,2024-10-16,2024-10-31
"Gandhi Shilp Bazar National, States, District",GSB(State)-Itanagar,https://indian.handicrafts.gov.in/en/events/view/Mjkx,2024-08-25,23:45:00,2024-09-22,2024-10-01
"Gandhi Shilp Bazar National, States, District",GSB(District)-Rajkot,https://indian.handicrafts.gov.in/en/events/view/MzE0,2024-08-25,23:45:00,2024-09-26,2024-10-02
"Gandhi Shilp Bazar National, States, District",GSB(District)-Tirupati UH,https://indian.handicrafts.gov.in/en/events/view/MzA3,2024-08-25,11:30:00,2024-09-27,2024-10-03
"Gandhi Shilp Bazar National, States, District",GSB(District)-Mysuru UH,https://indian.handicrafts.gov.in/en/events/view/Mjc5,2024-08-20,23:45:00,2024-09-20,2024-09-26
"Gandhi Shilp Bazar National, States, District",GSB(District)-Aurangabad,https://indian.handicrafts.gov.in/en/events/view/Mjgw,2024-08-20,23:45:00,2024-09-22,2024-09-28
"Gandhi Shilp Bazar National, States, District",GSB(State)-Prayagraj,https://indian.handicrafts.gov.in/en/events/view/Mjg3,2024-08-20,23:45:00,2024-09-17,2024-09-26
"Gandhi Shilp Bazar National, States, District",GSB(District)-Howrah,https://indian.handicrafts.gov.in/en/events/view/Mjk5,2024-08-20,23:45:00,2024-09-23,2024-09-29
"Gandhi Shilp Bazar National, States, District",GSB(State)-Vijaywada,https://indian.handicrafts.gov.in/en/events/view/MzQw,2024-08-20,23:45:00,2024-09-20,2024-09-29
"Gandhi Shilp Bazar National, States, District",GSB(District)-Karnal UH,https://indian.handicrafts.gov.in/en/events/view/Mjkz,2024-08-15,23:45:00,2024-09-15,2024-09-21
"Gandhi Shilp Bazar National, States, District",GSB(District)-Gorakhpur,https://indian.handicrafts.gov.in/en/events/view/MzEx,2024-08-15,23:45:00,2024-09-15,2024-09-21
"Gandhi Shilp Bazar National, States, District",GSB(District)-Rajahmundry,https://indian.handicrafts.gov.in/en/events/view/MzM5,2024-08-15,23:45:00,2024-08-30,2024-09-05
"Gandhi Shilp Bazar National, States, District",GSB(District)-Dhanbad,https://indian.handicrafts.gov.in/en/events/view/Mjc1,2024-08-10,23:45:00,2024-09-10,2024-09-16
"Gandhi Shilp Bazar National, States, District",GSB(State)-Durgapur UH,https://indian.handicrafts.gov.in/en/events/view/Mjg5,2024-08-10,23:45:00,2024-09-13,2024-09-22
"Gandhi Shilp Bazar National, States, District",GSB(State)-Surat,https://indian.handicrafts.gov.in/en/events/view/Mjkw,2024-08-10,23:45:00,2024-09-13,2024-09-22
"Gandhi Shilp Bazar National, States, District",GSB(District)-Indore UH,https://indian.handicrafts.gov.in/en/events/view/Mjgz,2024-08-05,23:45:00,2024-09-13,2024-09-19
"Gandhi Shilp Bazar National, States, District",GSB(District)-Jhansi UH,https://indian.handicrafts.gov.in/en/events/view/Mjg1,2024-08-05,23:45:00,2024-09-14,2024-09-20
"Gandhi Shilp Bazar National, States, District",GSB(State)-Shimla,https://indian.handicrafts.gov.in/en/events/view/Mjg4,2024-08-05,23:45:00,2024-09-08,2024-09-17
"Gandhi Shilp Bazar National, States, District",GSB(District)-Agra UH,https://indian.handicrafts.gov.in/en/events/view/Mjky,2024-08-05,23:45:00,2024-09-05,2024-09-11
Dilli Haat,Dilli Haat (Sustainable Crafts),https://indian.handicrafts.gov.in/en/events/view/MjYy,2024-07-30,16:45:00,2024-09-01,2024-09-15
"Gandhi Shilp Bazar National, States, District",GSB(District)-Jodhpur UH,https://indian.handicrafts.gov.in/en/events/view/Mjk0,2024-07-28,23:45:00,2024-08-02,2024-08-08
"Gandhi Shilp Bazar National, States, District",GSB(District)-Mangaluru UH,https://indian.handicrafts.gov.in/en/events/view/Mjc4,2024-07-20,23:45:00,2024-09-16,2024-09-22
"Gandhi Shilp Bazar National, States, District",GSB (District)- Bhopal,https://indian.handicrafts.gov.in/en/events/view/Mjc2,2024-07-15,23:45:00,2024-09-11,2024-09-17
"Gandhi Shilp Bazar National, States, District",GSB(State)-Srinagar,https://indian.handicrafts.gov.in/en/events/view/Mjg2,2024-07-15,23:45:00,2024-08-01,2024-08-10
"Gandhi Shilp Bazar National, States, District",GSB(District) at Hazaribagh UH,https://indian.handicrafts.gov.in/en/events/view/Mjc0,2024-06-30,23:45:00,2024-08-07,2024-08-13
Dilli Haat,Dilli Haat (Handloom Day),https://indian.handicrafts.gov.in/en/events/view/MjYw,2024-06-30,16:30:00,2024-08-01,2024-08-15
Dilli Haat,Dilli Haat (Shilp Didi),https://indian.handicrafts.gov.in/en/events/view/MjYx,2024-06-30,16:30:00,2024-08-16,2024-08-31
"Gandhi Shilp Bazar National, States, District",GSB(District) at Salem,https://indian.handicrafts.gov.in/en/events/view/Mjcz,2024-06-28,23:45:00,2024-08-06,2024-08-12
"Gandhi Shilp Bazar National, States, District",GSB(District) at Mysuru,https://indian.handicrafts.gov.in/en/events/view/Mjcy,2024-06-27,23:45:00,2024-08-02,2024-08-08
"Gandhi Shilp Bazar National, States, District",GSB (District) at Dimapur UH,https://indian.handicrafts.gov.in/en/events/view/MjY4,2024-06-25,23:45:00,2024-08-01,2024-08-07
"Gandhi Shilp Bazar National, States, District",GSB(District) at Leh,https://indian.handicrafts.gov.in/en/events/view/Mjcx,2024-06-25,23:45:00,2024-08-01,2024-08-07
"Gandhi Shilp Bazar National, States, District",GSB(District)-Rampur UH,https://indian.handicrafts.gov.in/en/events/view/Mjgx,2024-06-23,23:45:00,2024-07-01,2024-07-07
"Gandhi Shilp Bazar National, States, District",GSB (District) at Jorhat,https://indian.handicrafts.gov.in/en/events/view/MjY3,2024-06-16,23:45:00,2024-07-01,2024-07-07
"Gandhi Shilp Bazar National, States, District",GSB (District) at Cherapunjee,https://indian.handicrafts.gov.in/en/events/view/MjY5,2024-06-16,23:45:00,2024-07-01,2024-07-07
Dilli Haat,Dilli Haat (Start Ups),https://indian.handicrafts.gov.in/en/events/view/MjU5,2024-05-30,16:15:00,2024-07-01,2024-07-15
Dilli Haat,Dilli Haat (GI Craft),https://indian.handicrafts.gov.in/en/events/view/MjU3,2024-05-20,15:30:00,2024-06-01,2024-06-15
Dilli Haat,Dilli Haat (ST artisans),https://indian.handicrafts.gov.in/en/events/view/MjU4,2024-05-20,13:00:00,2024-06-16,2024-06-30
Dilli Haat,Dilli Haat,https://indian.handicrafts.gov.in/en/events/view/MjU2,2024-05-08,23:45:00,2024-05-16,2024-05-31
Dilli Haat,Dilli Haat,https://indian.handicrafts.gov.in/en/events/view/MjU1,2024-03-31,23:45:00,2024-05-01,2024-05-15
Dilli Haat,Dilli Haat,https://indian.handicrafts.gov.in/en/events/view/MjQ3,2024-03-03,23:45:00,2024-04-16,2024-04-30
Dilli Haat,Dilli Haat,https://indian.handicrafts.gov.in/en/events/view/MjQ2,2024-02-29,23:45:00,2024-04-01,2024-04-15
Dilli Haat,Dilli Haat,https://indian.handicrafts.gov.in/en/events/view/MjQy,2024-02-14,17:00:00,2024-03-01,2024-03-15
Dilli Haat,Dilli Haat,https://indian.handicrafts.gov.in/en/events/view/MjI3,2024-01-14,23:45:00,2024-02-16,2024-02-29
