Type of Event,Event Details,Event Date,Apply Closing Date,Link
"Gandhi Shilp Bazar National, States, District",GSB (State) at Kullu,27/02/2026 to 08/03/2026,10/11/2025 23:45,https://indian.handicrafts.gov.in/en/events/events-apply/NTgx
"Gandhi Shilp Bazar National, States, District",GSB (State) at Udaipur,15/02/2026 to 24/02/2026,31/10/2025 23:45,https://indian.handicrafts.gov.in/en/events/events-apply/NTc3
"Gandhi Shilp Bazar National, States, District",GSB (District) at Bareilly UH,01/02/2026 to 07/02/2026,31/10/2025 23:45,https://indian.handicrafts.gov.in/en/events/events-apply/NTc5
"Gandhi Shilp Bazar National, States, District",GSB (District) at Shimla,10/02/2026 to 16/02/2026,31/10/2025 23:45,https://indian.handicrafts.gov.in/en/events/events-apply/NTgw
"Gandhi Shilp Bazar National, States, District",GSB (District) at Puri UH,06/02/2026 to 12/02/2026,31/10/2025 23:30,https://indian.handicrafts.gov.in/en/events/events-apply/NTc4
"Gandhi Shilp Bazar National, States, District",GSB (State) at Bokaro,25/01/2026 to 03/02/2026,10/10/2025 23:45,https://indian.handicrafts.gov.in/en/events/events-apply/NTYx
"Gandhi Shilp Bazar National, States, District",GSB (State) at Cuttack,26/01/2026 to 04/02/2026,10/10/2025 23:45,https://indian.handicrafts.gov.in/en/events/events-apply/NDQy
"Gandhi Shilp Bazar National, States, District",GSB (District) at Purnia,15/11/2025 to 21/11/2025,10/10/2025 23:45,https://indian.handicrafts.gov.in/en/events/events-apply/NTg2
"Gandhi Shilp Bazar National, States, District",GSB (District) at Gangtok,18/01/2026 to 24/01/2026,10/10/2025 23:45,https://indian.handicrafts.gov.in/en/events/events-apply/NTYw
"Gandhi Shilp Bazar National, States, District",GSB (District) at Jammu UH,15/01/2026 to 21/01/2026,10/10/2025 23:45,https://indian.handicrafts.gov.in/en/events/events-apply/NTU5
"Gandhi Shilp Bazar National, States, District",GSB (National) at Bengaluru,19/12/2025 to 28/12/2025,30/09/2025 23:45,https://indian.handicrafts.gov.in/en/events/events-apply/NTcz
"Gandhi Shilp Bazar National, States, District",GSB (District) at Karnal UH,09/01/2026 to 15/01/2026,30/09/2025 23:45,https://indian.handicrafts.gov.in/en/events/events-apply/NTU4
"Gandhi Shilp Bazar National, States, District",GSB (State) at Nadia,02/01/2026 to 11/01/2026,30/09/2025 23:45,https://indian.handicrafts.gov.in/en/events/events-apply/NTU0
"Gandhi Shilp Bazar National, States, District",GSB (District) at Bhubaneshwar UH,01/01/2026 to 07/01/2026,30/09/2025 23:45,https://indian.handicrafts.gov.in/en/events/events-apply/NTUz
"Gandhi Shilp Bazar National, States, District",GSB (District) at Mokokchung,11/11/2025 to 17/11/2025,30/09/2025 23:45,https://indian.handicrafts.gov.in/en/events/events-apply/NTgz
"Gandhi Shilp Bazar National, States, District",GSB (District) at Ajmer UH,06/01/2026 to 12/01/2026,30/09/2025 23:45,https://indian.handicrafts.gov.in/en/events/events-apply/NTU2
"Gandhi Shilp Bazar National, States, District",GSB (District) at Kanyakumari UH,05/01/2026 to 11/01/2026,30/09/2025 23:45,https://indian.handicrafts.gov.in/en/events/events-apply/NTU1
"Gandhi Shilp Bazar National, States, District",GSB (District) at Tirupati UH,09/01/2026 to 15/01/2026,30/09/2025 23:45,https://indian.handicrafts.gov.in/en/events/events-apply/NTU3
"Gandhi Shilp Bazar National, States, District",GSB (State) at Itanagar,09/10/2025 to 18/10/2025,25/09/2025 23:45,https://indian.handicrafts.gov.in/en/events/events-apply/NTg1
"Gandhi Shilp Bazar National, States, District",GSB (National) at Mumbai,05/12/2025 to 14/12/2025,20/09/2025 23:45,https://indian.handicrafts.gov.in/en/events/events-apply/NTcx
Dilli Haat,"Master Creations 2 - Padma Awardee, Shilp Guru and National Awardee",01/12/2025 to 15/12/2025,20/09/2025 23:45,https://indian.handicrafts.gov.in/en/events/events-apply/NTY3
"Gandhi Shilp Bazar National, States, District",GSB (District) at Mon,07/12/2025 to 13/12/2025,20/09/2025 23:45,https://indian.handicrafts.gov.in/en/events/events-apply/NTQ5
"Gandhi Shilp Bazar National, States, District",GSB (National) at Patna,22/12/2025 to 31/12/2025,15/09/2025 23:45,https://indian.handicrafts.gov.in/en/events/events-apply/NTM4
"Gandhi Shilp Bazar National, States, District",GSB (District) at Deoghar,21/12/2025 to 27/12/2025,15/09/2025 23:45,https://indian.handicrafts.gov.in/en/events/events-apply/NTQw
"Gandhi Shilp Bazar National, States, District",GSB (District) at Durgapur UH,23/12/2025 to 29/12/2025,15/09/2025 23:45,https://indian.handicrafts.gov.in/en/events/events-apply/NTM5
"Gandhi Shilp Bazar National, States, District",GSB (District) at Rampur UH,25/12/2025 to 31/12/2025,15/09/2025 23:45,https://indian.handicrafts.gov.in/en/events/events-apply/NTQx
"Gandhi Shilp Bazar National, States, District",GSB (State) at Jaisalmer,26/12/2025 to 04/01/2026,15/09/2025 23:45,https://indian.handicrafts.gov.in/en/events/events-apply/NTQz
"Gandhi Shilp Bazar National, States, District",GSB (District) at Mangaluru UH,24/12/2025 to 30/12/2025,15/09/2025 23:45,https://indian.handicrafts.gov.in/en/events/events-apply/NTQy
"Gandhi Shilp Bazar National, States, District",GSB (District) at Agra UH,17/11/2025 to 23/11/2025,15/09/2025 23:45,https://indian.handicrafts.gov.in/en/events/events-apply/NTcy
"Gandhi Shilp Bazar National, States, District",GSB (District) at Shantiniketan UH,15/12/2025 to 21/12/2025,10/09/2025 23:45,https://indian.handicrafts.gov.in/en/events/events-apply/NTMx
"Gandhi Shilp Bazar National, States, District",GSB (District) at Guntur UH,19/12/2025 to 25/12/2025,10/09/2025 23:45,https://indian.handicrafts.gov.in/en/events/events-apply/NTM1
"Gandhi Shilp Bazar National, States, District",GSB (District) at Gwalior,12/12/2025 to 18/12/2025,10/09/2025 23:45,https://indian.handicrafts.gov.in/en/events/events-apply/NTI5
"Gandhi Shilp Bazar National, States, District",GSB (District) at Aurangabad,16/12/2025 to 22/12/2025,10/09/2025 23:45,https://indian.handicrafts.gov.in/en/events/events-apply/NTMy
"Gandhi Shilp Bazar National, States, District",GSB (State) at Pune,18/12/2025 to 27/12/2025,10/09/2025 23:45,https://indian.handicrafts.gov.in/en/events/events-apply/NTMz
"Gandhi Shilp Bazar National, States, District",GSB (District) at Rajamundry,15/12/2025 to 21/12/2025,10/09/2025 23:45,https://indian.handicrafts.gov.in/en/events/events-apply/NTMw
"Gandhi Shilp Bazar National, States, District",GSB (State) at Cochin,20/12/2025 to 29/12/2025,10/09/2025 23:45,https://indian.handicrafts.gov.in/en/events/events-apply/NTM2
"Gandhi Shilp Bazar National, States, District",GSB (State) at Kolkata,15/09/2025 to 24/09/2025,10/09/2025 23:45,https://indian.handicrafts.gov.in/en/events/events-apply/NTg0
"Gandhi Shilp Bazar National, States, District",GSB (National) at Chennai,19/12/2025 to 28/12/2025,10/09/2025 23:45,https://indian.handicrafts.gov.in/en/events/events-apply/NTM0
"Gandhi Shilp Bazar National, States, District",GSB (District) at Shantiniketan UH,15/12/2025 to 21/12/2025,10/09/2025 23:45,https://indian.handicrafts.gov.in/en/events/events-apply/NTMx
"Gandhi Shilp Bazar National, States, District",GSB (District) at Bhuj UH,01/12/2025 to 07/12/2025,05/09/2025 23:45,https://indian.handicrafts.gov.in/en/events/view/NTIw
"Gandhi Shilp Bazar National, States, District",GSB (District) at Agra UH,01/12/2025 to 07/12/2025,05/09/2025 23:45,https://indian.handicrafts.gov.in/en/events/view/NTE3
"Gandhi Shilp Bazar National, States, District",GSB (District) at Navi Mumbai UH,06/12/2025 to 12/12/2025,05/09/2025 23:45,https://indian.handicrafts.gov.in/en/events/view/NTQ3
"Gandhi Shilp Bazar National, States, District",GSB (State) at Bhilai,05/12/2025 to 14/12/2025,05/09/2025 23:45,https://indian.handicrafts.gov.in/en/events/view/NTY5
"Gandhi Shilp Bazar National, States, District",GSB (District) at Hazaribagh UH,10/12/2025 to 16/12/2025,05/09/2025 23:45,https://indian.handicrafts.gov.in/en/events/view/NTIz
"Gandhi Shilp Bazar National, States, District",GSB (District) at Jodhpur UH,04/12/2025 to 10/12/2025,05/09/2025 23:45,https://indian.handicrafts.gov.in/en/events/view/NTIy
"Gandhi Shilp Bazar National, States, District",GSB (District) at Imphal UH,08/12/2025 to 14/12/2025,05/09/2025 23:45,https://indian.handicrafts.gov.in/en/events/view/NTI4
"Gandhi Shilp Bazar National, States, District",GSB (District) at Jaipur UH,03/12/2025 to 09/12/2025,05/09/2025 23:45,https://indian.handicrafts.gov.in/en/events/view/NTIx
"Gandhi Shilp Bazar National, States, District",GSB (District) at Konark UH,01/12/2025 to 07/12/2025,05/09/2025 23:45,https://indian.handicrafts.gov.in/en/events/view/NTE5
"Gandhi Shilp Bazar National, States, District",GSB (District) at Pudducherry,05/12/2025 to 11/12/2025,05/09/2025 23:45,https://indian.handicrafts.gov.in/en/events/view/NTUy
"Gandhi Shilp Bazar National, States, District",GSB (State) at Ujjain,05/12/2025 to 14/12/2025,05/09/2025 23:45,https://indian.handicrafts.gov.in/en/events/view/NTQ0
"Gandhi Shilp Bazar National, States, District",GSB (District) at Kohima,02/12/2025 to 08/12/2025,05/09/2025 23:45,https://indian.handicrafts.gov.in/en/events/view/NTI3
"Gandhi Shilp Bazar National, States, District",GSB (District) at Kolhapur,21/11/2025 to 27/11/2025,31/08/2025 23:45,https://indian.handicrafts.gov.in/en/events/view/NTE1
"Gandhi Shilp Bazar National, States, District",Gandhi Shilp Bazaar,20/09/2025 to 29/09/2025,31/08/2025 23:45,https://indian.handicrafts.gov.in/en/events/view/NTc2
"Gandhi Shilp Bazar National, States, District",GSB (District) at Varanasi UH,14/10/2025 to 20/10/2025,31/08/2025 23:45,https://indian.handicrafts.gov.in/en/events/view/NTE4
"Gandhi Shilp Bazar National, States, District",GSB (State) at Nashik,20/11/2025 to 29/11/2025,31/08/2025 23:45,https://indian.handicrafts.gov.in/en/events/view/NTEy
"Gandhi Shilp Bazar National, States, District",GSB (District) at Katra,21/11/2025 to 27/11/2025,31/08/2025 23:45,https://indian.handicrafts.gov.in/en/events/view/NTE0
"Gandhi Shilp Bazar National, States, District",GSB (District) at Navi Mumbai UH,07/11/2025 to 13/11/2025,31/08/2025 23:45,https://indian.handicrafts.gov.in/en/events/view/NTcw
"Gandhi Shilp Bazar National, States, District",GSB (District) at Indore UH,23/11/2025 to 29/11/2025,31/08/2025 23:45,https://indian.handicrafts.gov.in/en/events/view/NTE2
"Gandhi Shilp Bazar National, States, District",GSB (District) at Konark UH,21/11/2025 to 27/11/2025,30/08/2025 23:45,https://indian.handicrafts.gov.in/en/events/view/NTQ4
"Gandhi Shilp Bazar National, States, District",GSB (District) at Ajmer UH,12/11/2025 to 18/11/2025,25/08/2025 23:45,https://indian.handicrafts.gov.in/en/events/view/NTA4
"Gandhi Shilp Bazar National, States, District",GSB (State) at Karnal,14/11/2025 to 23/11/2025,25/08/2025 23:45,https://indian.handicrafts.gov.in/en/events/view/NTI2
"Gandhi Shilp Bazar National, States, District",GSB (District) at Gorakhpur,15/11/2025 to 21/11/2025,25/08/2025 23:45,https://indian.handicrafts.gov.in/en/events/view/NTEw
"Gandhi Shilp Bazar National, States, District",GSB (District) at Jhansi UH,15/11/2025 to 21/11/2025,25/08/2025 23:45,https://indian.handicrafts.gov.in/en/events/view/NTEx
"Gandhi Shilp Bazar National, States, District",GSB (District) at Ajmer UH,12/11/2025 to 18/11/2025,25/08/2025 23:45,https://indian.handicrafts.gov.in/en/events/view/NTA4
"Gandhi Shilp Bazar National, States, District",GSB (District) at Janpath,17/11/2025 to 23/11/2025,25/08/2025 23:45,https://indian.handicrafts.gov.in/en/events/view/NTUw
"Gandhi Shilp Bazar National, States, District",GSB (District) at Ahmedabad UH,12/11/2025 to 18/11/2025,25/08/2025 11:45,https://indian.handicrafts.gov.in/en/events/view/NTY4
Dilli Haat,Master Creations 1 - NMC & State Awardee,16/10/2025 to 31/10/2025,20/08/2025 23:45,https://indian.handicrafts.gov.in/en/events/view/NTY2
"Gandhi Shilp Bazar National, States, District",GSB (State) at Srinagar,01/10/2025 to 10/10/2025,20/08/2025 23:45,https://indian.handicrafts.gov.in/en/events/view/NDMx
"Gandhi Shilp Bazar National, States, District",GSB (District) at Mandi,03/11/2025 to 09/11/2025,20/08/2025 23:45,https://indian.handicrafts.gov.in/en/events/view/NTAx
"Gandhi Shilp Bazar National, States, District",GSB (District) at Bhopal UH,05/11/2025 to 11/11/2025,20/08/2025 23:45,https://indian.handicrafts.gov.in/en/events/view/NTA0
"Gandhi Shilp Bazar National, States, District",GSB (District) at Kakinada UH,03/11/2025 to 09/11/2025,20/08/2025 23:45,https://indian.handicrafts.gov.in/en/events/view/NTAz
"Gandhi Shilp Bazar National, States, District",GSB (District) at Cherapunji,01/11/2025 to 07/11/2025,20/08/2025 23:45,https://indian.handicrafts.gov.in/en/events/view/NDk5
"Gandhi Shilp Bazar National, States, District",GSB (District) at Bhuj UH,01/11/2025 to 07/11/2025,20/08/2025 23:45,https://indian.handicrafts.gov.in/en/events/view/NTAw
"Gandhi Shilp Bazar National, States, District",GSB (National) at Varanasi,01/11/2025 to 10/11/2025,20/08/2025 23:45,https://indian.handicrafts.gov.in/en/events/view/NDk3
"Gandhi Shilp Bazar National, States, District",GSB (State) at Kanpur,01/11/2025 to 10/11/2025,20/08/2025 23:45,https://indian.handicrafts.gov.in/en/events/view/NDk2
"Gandhi Shilp Bazar National, States, District",GSB (District) at Tirupati UH,03/11/2025 to 09/11/2025,20/08/2025 23:45,https://indian.handicrafts.gov.in/en/events/view/NTAy
"Gandhi Shilp Bazar National, States, District",GSB (National) at Ahmedabad,12/09/2025 to 21/09/2025,20/08/2025 23:45,https://indian.handicrafts.gov.in/en/events/view/NTc1
"Gandhi Shilp Bazar National, States, District",GSB (District) at Bhubaneshwar UH,01/11/2025 to 07/11/2025,20/08/2025 23:45,https://indian.handicrafts.gov.in/en/events/view/NDk4
"Gandhi Shilp Bazar National, States, District",GSB (State) at Prayagraj,08/11/2025 to 17/11/2025,20/08/2025 23:45,https://indian.handicrafts.gov.in/en/events/view/NTA2
"Gandhi Shilp Bazar National, States, District",GSB (District) at Gaya,07/11/2025 to 13/11/2025,20/08/2025 23:45,https://indian.handicrafts.gov.in/en/events/view/NTA1
"Gandhi Shilp Bazar National, States, District",GSB (State) at Surat,01/11/2025 to 10/11/2025,20/08/2025 23:45,https://indian.handicrafts.gov.in/en/events/view/NTY1
"Gandhi Shilp Bazar National, States, District",GSB (District) at Jagdalpur,30/09/2025 to 06/10/2025,15/08/2025 23:45,https://indian.handicrafts.gov.in/en/events/view/NTYz
"Gandhi Shilp Bazar National, States, District",GSB (District) at Kokrajhar,19/10/2025 to 25/10/2025,15/08/2025 23:45,https://indian.handicrafts.gov.in/en/events/view/NDkw
"Gandhi Shilp Bazar National, States, District",GSB (District) at Jaipur UH,21/10/2025 to 27/10/2025,15/08/2025 23:45,https://indian.handicrafts.gov.in/en/events/view/NDkx
"Gandhi Shilp Bazar National, States, District",GSB (District) at Madgaon,26/10/2025 to 01/11/2025,15/08/2025 23:45,https://indian.handicrafts.gov.in/en/events/view/NDkz
"Gandhi Shilp Bazar National, States, District",GSB (State) at Banglore (Bengaluru),24/10/2025 to 02/11/2025,15/08/2025 23:45,https://indian.handicrafts.gov.in/en/events/view/NTI1
"Gandhi Shilp Bazar National, States, District",GSB (District) at Bhopal UH,01/09/2025 to 07/09/2025,15/08/2025 23:45,https://indian.handicrafts.gov.in/en/events/view/NTc0
"Gandhi Shilp Bazar National, States, District",GSB (District) at Durg,22/10/2025 to 28/10/2025,15/08/2025 23:45,https://indian.handicrafts.gov.in/en/events/view/NDky
"Gandhi Shilp Bazar National, States, District",GSB (District) at Kolkata UH,17/10/2025 to 23/10/2025,15/08/2025 23:45,https://indian.handicrafts.gov.in/en/events/view/NDg5
"Gandhi Shilp Bazar National, States, District",GSB (State) at Trivendrum,27/10/2025 to 05/11/2025,15/08/2025 23:45,https://indian.handicrafts.gov.in/en/events/view/NDk0
"Gandhi Shilp Bazar National, States, District",GSB (District) at Jammu UH,11/10/2025 to 17/10/2025,10/08/2025 23:45,https://indian.handicrafts.gov.in/en/events/view/NDgx
"Gandhi Shilp Bazar National, States, District",GSB (District) at Dhanbad,12/10/2025 to 18/10/2025,10/08/2025 23:45,https://indian.handicrafts.gov.in/en/events/view/NDgy
"Gandhi Shilp Bazar National, States, District",GSB (District) at Haldwani,15/10/2025 to 21/10/2025,10/08/2025 23:45,https://indian.handicrafts.gov.in/en/events/view/NDg3
"Gandhi Shilp Bazar National, States, District",GSB (District) at Agartala UH,11/10/2025 to 17/10/2025,10/08/2025 23:45,https://indian.handicrafts.gov.in/en/events/view/NDgw
"Gandhi Shilp Bazar National, States, District",GSB (District) at Imphal,14/10/2025 to 20/10/2025,10/08/2025 23:45,https://indian.handicrafts.gov.in/en/events/view/NDg1
"Gandhi Shilp Bazar National, States, District",GSB (District) at Srinagar UH,15/10/2025 to 21/10/2025,10/08/2025 23:45,https://indian.handicrafts.gov.in/en/events/view/NDg4
"Gandhi Shilp Bazar National, States, District",GSB (District) at Mathura,13/10/2025 to 19/10/2025,10/08/2025 23:45,https://indian.handicrafts.gov.in/en/events/view/NDg0
"Gandhi Shilp Bazar National, States, District",GSB (District) at Mangaluru UH,15/10/2025 to 21/10/2025,10/08/2025 23:45,https://indian.handicrafts.gov.in/en/events/view/NDg2
"Gandhi Shilp Bazar National, States, District",GSB (State) at Vijayawada,10/10/2025 to 19/10/2025,10/08/2025 23:45,https://indian.handicrafts.gov.in/en/events/view/NDc5
"Gandhi Shilp Bazar National, States, District",GSB (State) at Amritsar,10/10/2025 to 19/10/2025,10/08/2025 23:45,https://indian.handicrafts.gov.in/en/events/view/NDc4
"Gandhi Shilp Bazar National, States, District",GSB (District) at Bareilly UH,13/10/2025 to 19/10/2025,10/08/2025 23:45,https://indian.handicrafts.gov.in/en/events/view/NDgz
"Gandhi Shilp Bazar National, States, District",GSB (National) at Hyderabad,03/10/2025 to 12/10/2025,31/07/2025 23:45,https://indian.handicrafts.gov.in/en/events/view/NDY5
"Gandhi Shilp Bazar National, States, District",GSB (District) at Jodhpur UH,03/10/2025 to 09/10/2025,31/07/2025 23:45,https://indian.handicrafts.gov.in/en/events/view/NDcz
"Gandhi Shilp Bazar National, States, District",GSB (District) at Varanasi UH,05/10/2025 to 11/10/2025,31/07/2025 23:45,https://indian.handicrafts.gov.in/en/events/view/NTEz
"Gandhi Shilp Bazar National, States, District",GSB (National) at Lucknow,08/10/2025 to 17/10/2025,31/07/2025 23:45,https://indian.handicrafts.gov.in/en/events/view/NDc3
"Gandhi Shilp Bazar National, States, District",GSB (District) at Rajkot,07/10/2025 to 13/10/2025,31/07/2025 23:45,https://indian.handicrafts.gov.in/en/events/view/NDc2
"Gandhi Shilp Bazar National, States, District",GSB (State) at Jabalpur,01/09/2025 to 10/09/2025,31/07/2025 23:45,https://indian.handicrafts.gov.in/en/events/view/NTUx
"Gandhi Shilp Bazar National, States, District",GSB (District) at Agra,01/10/2025 to 07/10/2025,31/07/2025 23:45,https://indian.handicrafts.gov.in/en/events/view/NDcx
"Gandhi Shilp Bazar National, States, District",GSB (District) at Darbhanga,06/10/2025 to 12/10/2025,31/07/2025 23:45,https://indian.handicrafts.gov.in/en/events/view/NDc1
"Gandhi Shilp Bazar National, States, District",GSB (State) at Panaji,03/10/2025 to 12/10/2025,31/07/2025 23:45,https://indian.handicrafts.gov.in/en/events/view/NDcw
"Gandhi Shilp Bazar National, States, District",GSB (District) at Puri UH,03/10/2025 to 09/10/2025,31/07/2025 23:45,https://indian.handicrafts.gov.in/en/events/view/NDcy
"Gandhi Shilp Bazar National, States, District",GSB (District) at Tiruvanamalai,03/10/2025 to 09/10/2025,31/07/2025 23:45,https://indian.handicrafts.gov.in/en/events/view/NDc0
"Gandhi Shilp Bazar National, States, District",GSB (State) at Nagpur,04/10/2025 to 13/10/2025,31/07/2025 23:45,https://indian.handicrafts.gov.in/en/events/view/NDk1
"Gandhi Shilp Bazar National, States, District",GSB (District) at Kakinada UH,29/09/2025 to 05/10/2025,25/07/2025 23:45,https://indian.handicrafts.gov.in/en/events/view/NDY3
"Gandhi Shilp Bazar National, States, District",GSB (State) at Ranchi,19/09/2025 to 28/09/2025,15/07/2025 23:45,https://indian.handicrafts.gov.in/en/events/view/NDQx
"Gandhi Shilp Bazar National, States, District",GSB (State) at Ludhiana City,19/09/2025 to 28/09/2025,15/07/2025 23:45,https://indian.handicrafts.gov.in/en/events/view/NDY4
"Gandhi Shilp Bazar National, States, District",GSB (State) at Shillong,15/09/2025 to 24/09/2025,15/07/2025 23:45,https://indian.handicrafts.gov.in/en/events/view/NDI0
"Gandhi Shilp Bazar National, States, District",GSB (District) at Gandhinagar,31/07/2025 to 06/08/2025,15/07/2025 23:45,https://indian.handicrafts.gov.in/en/events/view/NTY0
"Gandhi Shilp Bazar National, States, District",GSB (District) at Karnal UH,20/09/2025 to 26/09/2025,15/07/2025 23:45,https://indian.handicrafts.gov.in/en/events/view/NDI5
"Gandhi Shilp Bazar National, States, District",GSB (District) at Rampur UH,25/09/2025 to 01/10/2025,15/07/2025 23:45,https://indian.handicrafts.gov.in/en/events/view/NDUy
"Gandhi Shilp Bazar National, States, District",GSB (State) at Puducherry,12/09/2025 to 21/09/2025,10/07/2025 23:45,https://indian.handicrafts.gov.in/en/events/view/NDM5
"Gandhi Shilp Bazar National, States, District",GSB (District) at Guntur UH,22/09/2025 to 28/09/2025,10/07/2025 23:45,https://indian.handicrafts.gov.in/en/events/view/NDU1
"Gandhi Shilp Bazar National, States, District",GSB (National) at Mysuru UH,12/09/2025 to 21/09/2025,10/07/2025 23:45,https://indian.handicrafts.gov.in/en/events/view/NDQw
"Gandhi Shilp Bazar National, States, District",GSB (District) at Howrah,16/09/2025 to 22/09/2025,10/07/2025 23:30,https://indian.handicrafts.gov.in/en/events/view/NDUx
Dilli Haat,Dilli Haat - Artisans Practicing Artistic Textiles Crafts,01/08/2025 to 15/08/2025,06/07/2025 23:45,https://indian.handicrafts.gov.in/en/events/view/NTYy
"Gandhi Shilp Bazar National, States, District",GSB (District) at Muzaffarpur,09/09/2025 to 15/09/2025,05/07/2025 23:45,https://indian.handicrafts.gov.in/en/events/view/NDM4
"Gandhi Shilp Bazar National, States, District",GSB (District) at Durgapur UH,12/09/2025 to 18/09/2025,05/07/2025 23:45,https://indian.handicrafts.gov.in/en/events/view/NDY2
"Gandhi Shilp Bazar National, States, District",GSB (District) at Imphal UH,08/09/2025 to 14/09/2025,30/06/2025 23:45,https://indian.handicrafts.gov.in/en/events/view/NDIz
"Gandhi Shilp Bazar National, States, District",GSB (District) at Jhansi UH,08/09/2025 to 14/09/2025,30/06/2025 23:45,https://indian.handicrafts.gov.in/en/events/view/NDQ4
"Gandhi Shilp Bazar National, States, District",GSB (District) at Vijaywada,08/09/2025 to 14/09/2025,30/06/2025 23:45,https://indian.handicrafts.gov.in/en/events/view/NDU0
"Gandhi Shilp Bazar National, States, District",GSB (District) at Jorhat,21/09/2025 to 27/09/2025,30/06/2025 23:45,https://indian.handicrafts.gov.in/en/events/view/NDI2
"Gandhi Shilp Bazar National, States, District",GSB (District) at Agartala UH,02/09/2025 to 08/09/2025,30/06/2025 23:45,https://indian.handicrafts.gov.in/en/events/view/NDYz
"Gandhi Shilp Bazar National, States, District",GSB (State) at Madurai,05/09/2025 to 14/09/2025,30/06/2025 23:45,https://indian.handicrafts.gov.in/en/events/view/NDM2
"Gandhi Shilp Bazar National, States, District",GSB (District) at Shantiniketan UH,01/09/2025 to 07/09/2025,30/06/2025 23:45,https://indian.handicrafts.gov.in/en/events/view/NDM1
"Gandhi Shilp Bazar National, States, District",GSB (District) at Srinagar UH,20/08/2025 to 26/08/2025,30/06/2025 23:45,https://indian.handicrafts.gov.in/en/events/view/NDI4
"Gandhi Shilp Bazar National, States, District",GSB (District) at Dimapur UH,02/09/2025 to 08/09/2025,30/06/2025 23:45,https://indian.handicrafts.gov.in/en/events/view/NDY1
"Gandhi Shilp Bazar National, States, District",GSB (District) at Calicut (Kozhikode),29/08/2025 to 04/09/2025,30/06/2025 23:45,https://indian.handicrafts.gov.in/en/events/view/NDYx
"Gandhi Shilp Bazar National, States, District",GSB (State) at Bhopal UH,02/09/2025 to 11/09/2025,30/06/2025 23:45,https://indian.handicrafts.gov.in/en/events/view/NDY0
"Gandhi Shilp Bazar National, States, District",GSB (District) at Coimbatore,03/09/2025 to 09/09/2025,30/06/2025 23:45,https://indian.handicrafts.gov.in/en/events/view/NDQ3
"Gandhi Shilp Bazar National, States, District",GSB (District) at Prayagraj,10/09/2025 to 16/09/2025,30/06/2025 23:45,https://indian.handicrafts.gov.in/en/events/view/NDUw
"Gandhi Shilp Bazar National, States, District",GSB (State) at Patna,05/09/2025 to 14/09/2025,30/06/2025 23:45,https://indian.handicrafts.gov.in/en/events/view/NDM3
"Gandhi Shilp Bazar National, States, District",GSB (District) at Kanyakumari UH,08/09/2025 to 14/09/2025,30/06/2025 23:45,https://indian.handicrafts.gov.in/en/events/view/NDQ5
"Gandhi Shilp Bazar National, States, District",GSB (District) at Mamallapuram UH,11/08/2025 to 17/08/2025,20/06/2025 23:45,https://indian.handicrafts.gov.in/en/events/view/NDYw
"Gandhi Shilp Bazar National, States, District",GSB (State) at Noida,01/08/2025 to 10/08/2025,15/06/2025 23:45,https://indian.handicrafts.gov.in/en/events/view/NDM0
"Gandhi Shilp Bazar National, States, District",GSB (District) at Bhatinda,01/08/2025 to 07/08/2025,15/06/2025 23:45,https://indian.handicrafts.gov.in/en/events/view/NDI3
"Gandhi Shilp Bazar National, States, District",GSB (District) at Leh,01/08/2025 to 07/08/2025,15/06/2025 23:45,https://indian.handicrafts.gov.in/en/events/view/NDQ2
"Gandhi Shilp Bazar National, States, District",GSB (State) at Chennai,01/08/2025 to 10/08/2025,15/06/2025 23:45,https://indian.handicrafts.gov.in/en/events/view/NDU4
"Gandhi Shilp Bazar National, States, District",GSB (District) at Kolkata UH,01/08/2025 to 07/08/2025,15/06/2025 23:45,https://indian.handicrafts.gov.in/en/events/view/NDU2
"Gandhi Shilp Bazar National, States, District",GSB (State) at Vadodara,05/07/2025 to 14/07/2025,10/06/2025 23:45,https://indian.handicrafts.gov.in/en/events/view/NTQ1
"Gandhi Shilp Bazar National, States, District",GSB (District) at Dimapur UH,07/07/2025 to 13/07/2025,01/06/2025 23:45,https://indian.handicrafts.gov.in/en/events/view/NDIy
"Gandhi Shilp Bazar National, States, District",GSB (District) at Dimapur UH,07/07/2025 to 13/07/2025,01/06/2025 23:45,https://indian.handicrafts.gov.in/en/events/view/NDIy
"Gandhi Shilp Bazar National, States, District",GSB (District) at Indore UH,01/07/2025 to 07/07/2025,31/05/2025 23:45,https://indian.handicrafts.gov.in/en/events/view/NDQz
"Gandhi Shilp Bazar National, States, District",GSB (District) at Haridwar,01/07/2025 to 07/07/2025,31/05/2025 23:45,https://indian.handicrafts.gov.in/en/events/view/NDQ0
"Gandhi Shilp Bazar National, States, District",GSB (District) at Hubli,17/07/2025 to 23/07/2025,31/05/2025 23:45,https://indian.handicrafts.gov.in/en/events/view/NDUz
"Gandhi Shilp Bazar National, States, District",GSB (District) at Port Blair,17/07/2025 to 23/07/2025,31/05/2025 23:45,https://indian.handicrafts.gov.in/en/events/view/NDQ1
"Gandhi Shilp Bazar National, States, District",GSB (State) at Dehradun,01/07/2025 to 10/07/2025,31/05/2025 23:45,https://indian.handicrafts.gov.in/en/events/view/NDMz
"Gandhi Shilp Bazar National, States, District",GSB (District) at Aizwal,01/07/2025 to 07/07/2025,30/05/2025 23:45,https://indian.handicrafts.gov.in/en/events/view/NDI1
Dilli Haat,Dilli Haat - GI Crafts - Non Textiles based Crafts,01/06/2025 to 15/06/2025,11/05/2025 23:45,https://indian.handicrafts.gov.in/en/events/view/NDU5
Dilli Haat,DILLI HAAT - SC Artisans - Non Textiles Based Crafts,16/05/2025 to 31/05/2025,04/05/2025 23:45,https://indian.handicrafts.gov.in/en/events/view/NDU3
"Gandhi Shilp Bazar National, States, District",GSB (National) at Guwahati,01/06/2025 to 10/06/2025,04/05/2025 23:45,https://indian.handicrafts.gov.in/en/events/view/NDIx
"Gandhi Shilp Bazar National, States, District",GSB (District) at Hazaribagh UH,14/05/2025 to 20/05/2025,30/04/2025 23:45,https://indian.handicrafts.gov.in/en/events/view/NDMy
"Gandhi Shilp Bazar National, States, District",GSB (State) at Indore,06/05/2025 to 15/05/2025,27/04/2025 23:45,https://indian.handicrafts.gov.in/en/events/view/NDMw
Dilli Haat,Dilli Haat - Non textile-based Crafts from PAN India except Northern Region,01/05/2025 to 15/05/2025,14/04/2025 23:45,https://indian.handicrafts.gov.in/en/events/view/NDIw
Dilli Haat,Dilli Haat - Non textile-based Crafts from Northern Region,16/04/2025 to 30/04/2025,08/04/2025 23:45,https://indian.handicrafts.gov.in/en/events/view/NDE5
"Gandhi Shilp Bazar National, States, District",GSB(National)-Agartala,15/03/2025 to 24/03/2025,05/03/2025 23:45,https://indian.handicrafts.gov.in/en/events/view/NDE4
"Gandhi Shilp Bazar National, States, District",Gandhi Shilp Bazaar at JSS Mysore UH,14/03/2025 to 23/03/2025,27/02/2025 23:45,https://indian.handicrafts.gov.in/en/events/view/NDE0
"Gandhi Shilp Bazar National, States, District",GSB(National)-Lucknow,01/03/2025 to 10/03/2025,20/02/2025 23:45,https://indian.handicrafts.gov.in/en/events/view/NDE1
"Gandhi Shilp Bazar National, States, District",GSB(National) at Patna,27/02/2025 to 08/03/2025,20/02/2025 23:45,https://indian.handicrafts.gov.in/en/events/view/NDE2
"Gandhi Shilp Bazar National, States, District",GSB(District)-Srinagar UH,07/03/2025 to 13/03/2025,20/02/2025 23:45,https://indian.handicrafts.gov.in/en/events/view/NDE3
"Gandhi Shilp Bazar National, States, District",GSB(District)-Haridwar,17/03/2025 to 23/03/2025,15/02/2025 23:45,https://indian.handicrafts.gov.in/en/events/view/Mzk0
"Gandhi Shilp Bazar National, States, District",Gandhi shilp Bazaar at DHS Varanasi,27/02/2025 to 08/03/2025,15/02/2025 23:45,https://indian.handicrafts.gov.in/en/events/view/NDEz
"Gandhi Shilp Bazar National, States, District",GSB (District)-Varanasi UH,03/03/2025 to 09/03/2025,05/02/2025 23:45,https://indian.handicrafts.gov.in/en/events/view/NDEx
"Gandhi Shilp Bazar National, States, District",GSB(State)- Mysuru UH,14/02/2025 to 23/02/2025,02/02/2025 23:45,https://indian.handicrafts.gov.in/en/events/view/NDEy
"Gandhi Shilp Bazar National, States, District",GSB(District)-Varanasi UH,23/02/2025 to 01/03/2025,20/01/2025 23:45,https://indian.handicrafts.gov.in/en/events/view/MzI5
"Gandhi Shilp Bazar National, States, District",GSB(District)-Bhuj UH,21/02/2025 to 27/02/2025,20/01/2025 23:45,https://indian.handicrafts.gov.in/en/events/view/Mzgx
"Gandhi Shilp Bazar National, States, District",GSB(National)-Chennai,14/02/2025 to 23/02/2025,15/01/2025 23:45,https://indian.handicrafts.gov.in/en/events/view/Mzc3
"Gandhi Shilp Bazar National, States, District",GSB(State)-Vadodara,14/02/2025 to 23/02/2025,15/01/2025 23:45,https://indian.handicrafts.gov.in/en/events/view/Mzgw
"Gandhi Shilp Bazar National, States, District",GSB(State)-Kurukshetra,31/01/2025 to 09/02/2025,15/01/2025 22:45,https://indian.handicrafts.gov.in/en/events/view/NDEw
"Gandhi Shilp Bazar National, States, District",GSB(State)-Shillong,11/02/2025 to 20/02/2025,10/01/2025 23:45,https://indian.handicrafts.gov.in/en/events/view/NDA0
"Gandhi Shilp Bazar National, States, District",Gandhi Shilp Bazaar at Ujjain,31/01/2025 to 09/02/2025,10/01/2025 23:45,https://indian.handicrafts.gov.in/en/events/view/NDA4
"Gandhi Shilp Bazar National, States, District",Surajkund Craft Mela 2025,07/02/2025 to 23/02/2025,07/01/2025 23:45,https://indian.handicrafts.gov.in/en/events/view/NDA5
"Gandhi Shilp Bazar National, States, District",GSB(District)-Mamallapuram UH,08/02/2025 to 14/02/2025,05/01/2025 23:45,https://indian.handicrafts.gov.in/en/events/view/Mzc5
"Gandhi Shilp Bazar National, States, District",Gandhi Shilp Bazaar at Indore,10/01/2025 to 19/01/2025,26/12/2024 23:45,https://indian.handicrafts.gov.in/en/events/view/NDA3
"Gandhi Shilp Bazar National, States, District",GSB(District)-Agra,28/01/2025 to 03/02/2025,25/12/2024 23:45,https://indian.handicrafts.gov.in/en/events/view/Mzk4
"Gandhi Shilp Bazar National, States, District",GSB(State)-Pudducherry,10/01/2025 to 19/01/2025,23/12/2024 23:45,https://indian.handicrafts.gov.in/en/events/view/NDA1
"Gandhi Shilp Bazar National, States, District",GSB(National)-Shilparamam (Madhapur),08/01/2025 to 17/01/2025,15/12/2024 23:45,https://indian.handicrafts.gov.in/en/events/view/NDA2
"Gandhi Shilp Bazar National, States, District",GSB(District)-Kakinada UH,10/01/2025 to 16/01/2025,10/12/2024 23:45,https://indian.handicrafts.gov.in/en/events/view/Mzc4
"Gandhi Shilp Bazar National, States, District",GSB(State)-Chennai,11/01/2025 to 20/01/2025,10/12/2024 23:45,https://indian.handicrafts.gov.in/en/events/view/Mzgy
"Gandhi Shilp Bazar National, States, District",GSB(District)-Jhansi UH,11/01/2025 to 17/01/2025,10/12/2024 23:45,https://indian.handicrafts.gov.in/en/events/view/Mzg4
"Gandhi Shilp Bazar National, States, District",GSB(National)-Prayagraj (Kumbh Mela),10/01/2025 to 19/01/2025,10/12/2024 23:45,https://indian.handicrafts.gov.in/en/events/view/Mzkz
"Gandhi Shilp Bazar National, States, District",GSB(District)-Kanyakumari UH,06/01/2025 to 12/01/2025,05/12/2024 23:45,https://indian.handicrafts.gov.in/en/events/view/Mzc2
"Gandhi Shilp Bazar National, States, District",GSB at Lucknow,13/12/2024 to 22/12/2024,04/12/2024 23:45,https://indian.handicrafts.gov.in/en/events/view/NDAy
"Gandhi Shilp Bazar National, States, District",GSB(State)-Nadia,03/01/2025 to 12/01/2025,30/11/2024 23:45,https://indian.handicrafts.gov.in/en/events/view/Mzc1
"Gandhi Shilp Bazar National, States, District",GSB(District)-Konark UH,27/12/2024 to 02/01/2025,25/11/2024 23:45,https://indian.handicrafts.gov.in/en/events/view/Mjk2
"Gandhi Shilp Bazar National, States, District",GSB(District)-Mangaluru UH,24/12/2024 to 30/12/2024,25/11/2024 23:45,https://indian.handicrafts.gov.in/en/events/view/MzM4
"Gandhi Shilp Bazar National, States, District",GSB(District)-Puri UH,25/12/2024 to 31/12/2024,25/11/2024 23:45,https://indian.handicrafts.gov.in/en/events/view/MzU2
"Gandhi Shilp Bazar National, States, District",GSB(State)-Dehradun,27/12/2024 to 05/01/2025,25/11/2024 23:45,https://indian.handicrafts.gov.in/en/events/view/MzY1
"Gandhi Shilp Bazar National, States, District",GSB(District)-Imphal,23/12/2024 to 29/12/2024,25/11/2024 23:45,https://indian.handicrafts.gov.in/en/events/view/Mzg3
"Gandhi Shilp Bazar National, States, District",GSB(District)-Shantiniketan UH,24/12/2024 to 30/12/2024,20/11/2024 23:45,https://indian.handicrafts.gov.in/en/events/view/MzAx
"Gandhi Shilp Bazar National, States, District",GSB(District)-Gaya,20/12/2024 to 26/12/2024,20/11/2024 23:45,https://indian.handicrafts.gov.in/en/events/view/MzI3
"Gandhi Shilp Bazar National, States, District",GSB(District)-Guntur UH,20/12/2024 to 26/12/2024,20/11/2024 23:45,https://indian.handicrafts.gov.in/en/events/view/MzM2
"Gandhi Shilp Bazar National, States, District",GSB(District)-Kanyakumari UH,21/12/2024 to 27/12/2024,20/11/2024 23:45,https://indian.handicrafts.gov.in/en/events/view/MzM3
"Gandhi Shilp Bazar National, States, District",GSB(State)-Ernakulam(cochin),22/12/2024 to 31/12/2024,20/11/2024 23:45,https://indian.handicrafts.gov.in/en/events/view/MzQx
"Gandhi Shilp Bazar National, States, District",GSB(State)-Jaipur,21/12/2024 to 30/12/2024,20/11/2024 23:45,https://indian.handicrafts.gov.in/en/events/view/MzY2
"Gandhi Shilp Bazar National, States, District",GSB(District)-Bhuj UH,21/12/2024 to 27/12/2024,20/11/2024 23:45,https://indian.handicrafts.gov.in/en/events/view/Mzcw
"Gandhi Shilp Bazar National, States, District",GSB(District)-Kolhapur,22/12/2024 to 28/12/2024,20/11/2024 23:45,https://indian.handicrafts.gov.in/en/events/view/Mzcx
"Gandhi Shilp Bazar National, States, District",GSB(District)-Ajmer UH,22/12/2024 to 28/12/2024,20/11/2024 23:45,https://indian.handicrafts.gov.in/en/events/view/Mzgz
"Gandhi Shilp Bazar National, States, District",GSB(District)-Indore UH,20/12/2024 to 26/12/2024,20/11/2024 23:45,https://indian.handicrafts.gov.in/en/events/view/Mzg1
"Gandhi Shilp Bazar National, States, District",GSB(State)-Udaipur,22/12/2024 to 31/12/2024,20/11/2024 23:45,https://indian.handicrafts.gov.in/en/events/view/Mzk1
"Gandhi Shilp Bazar National, States, District",Gandhi Shilp Bazar_testing,20/11/2024 to 30/11/2024,20/11/2024 14:45,https://indian.handicrafts.gov.in/en/events/view/NDAz
"Gandhi Shilp Bazar National, States, District",GSB(District)-Bhatinda,15/12/2024 to 21/12/2024,15/11/2024 23:45,https://indian.handicrafts.gov.in/en/events/view/MzU1
"Gandhi Shilp Bazar National, States, District",GSB(State)-Ranchi,13/12/2024 to 22/12/2024,15/11/2024 23:45,https://indian.handicrafts.gov.in/en/events/view/MzY3
"Gandhi Shilp Bazar National, States, District",test_2,14/11/2024 to 15/11/2024,14/11/2024 15:15,https://indian.handicrafts.gov.in/en/events/view/NDAx
"Gandhi Shilp Bazar National, States, District",GSB (National)- Guwahati,10/12/2024 to 19/12/2024,10/11/2024 23:45,https://indian.handicrafts.gov.in/en/events/view/Mjc3
"Gandhi Shilp Bazar National, States, District",GSB(District)-Konark UH,18/12/2024 to 24/12/2024,10/11/2024 23:45,https://indian.handicrafts.gov.in/en/events/view/Mjk1
"Gandhi Shilp Bazar National, States, District",GSB(State)-Madurai,13/12/2024 to 22/12/2024,10/11/2024 23:45,https://indian.handicrafts.gov.in/en/events/view/MzM0
"Gandhi Shilp Bazar National, States, District",GSB(District)-Mon,11/12/2024 to 17/12/2024,10/11/2024 23:45,https://indian.handicrafts.gov.in/en/events/view/MzUy
"Gandhi Shilp Bazar National, States, District",GSB(District)-Ayodhya UH,10/12/2024 to 16/12/2024,10/11/2024 23:45,https://indian.handicrafts.gov.in/en/events/view/Mzky
"Gandhi Shilp Bazar National, States, District",GSB(District)-Bhubaneshwar UH,08/12/2024 to 14/12/2024,05/11/2024 23:45,https://indian.handicrafts.gov.in/en/events/view/MzI2
"Gandhi Shilp Bazar National, States, District",GSB(District)-Tirupati UH,06/12/2024 to 12/12/2024,05/11/2024 23:45,https://indian.handicrafts.gov.in/en/events/view/MzM1
"Gandhi Shilp Bazar National, States, District",GSB(District)-Madgaon,05/12/2024 to 11/12/2024,05/11/2024 23:45,https://indian.handicrafts.gov.in/en/events/view/Mzcy
Hiring of Stall,test_2,04/11/2024 to 15/11/2024,04/11/2024 15:15,https://indian.handicrafts.gov.in/en/events/view/NDAw
"Gandhi Shilp Bazar National, States, District",Demo,04/11/2024 to 15/11/2024,04/11/2024 14:30,https://indian.handicrafts.gov.in/en/events/view/Mzk5
"Gandhi Shilp Bazar National, States, District",GSB(District)-Durgapur UH,03/12/2024 to 09/12/2024,31/10/2024 23:45,https://indian.handicrafts.gov.in/en/events/view/Mjk4
"Gandhi Shilp Bazar National, States, District",GSB(District)-Kohima,01/12/2024 to 07/12/2024,31/10/2024 23:45,https://indian.handicrafts.gov.in/en/events/view/MzA2
"Gandhi Shilp Bazar National, States, District",GSB(District)-Puri UH,01/12/2024 to 07/12/2024,31/10/2024 23:45,https://indian.handicrafts.gov.in/en/events/view/MzI1
"Gandhi Shilp Bazar National, States, District",GSB(District)-Jammu UH,01/12/2024 to 07/12/2024,31/10/2024 23:45,https://indian.handicrafts.gov.in/en/events/view/MzMy
"Gandhi Shilp Bazar National, States, District",GSB(State)-Panji,29/11/2024 to 08/12/2024,31/10/2024 23:45,https://indian.handicrafts.gov.in/en/events/view/MzY4
"Gandhi Shilp Bazar National, States, District",GSB(District)-Gwalior,01/12/2024 to 07/12/2024,31/10/2024 23:45,https://indian.handicrafts.gov.in/en/events/view/MzY5
"Gandhi Shilp Bazar National, States, District",GSB(District)-Ahmedabad UH,27/11/2024 to 03/12/2024,30/10/2024 23:45,https://indian.handicrafts.gov.in/en/events/view/MzY0
Craft Demonstration cum Awareness Program (CDAP),test_2,28/09/2024 to 30/09/2024,28/10/2024 15:15,https://indian.handicrafts.gov.in/en/events/view/Mzk3
"Gandhi Shilp Bazar National, States, District",GSB(District)-Ajmer UH,24/11/2024 to 30/11/2024,25/10/2024 23:45,https://indian.handicrafts.gov.in/en/events/view/MzMx
"Gandhi Shilp Bazar National, States, District",GSB(District)-Imphal UH,26/11/2024 to 02/12/2024,25/10/2024 23:45,https://indian.handicrafts.gov.in/en/events/view/MzU3
"Gandhi Shilp Bazar National, States, District",GSB(State)-Bhilai,22/11/2024 to 01/12/2024,25/10/2024 23:45,https://indian.handicrafts.gov.in/en/events/view/MzYz
"Gandhi Shilp Bazar National, States, District",test_2,24/09/2024 to 30/09/2024,25/10/2024 15:00,https://indian.handicrafts.gov.in/en/events/view/Mzk2
Dilli Haat,Dilli Haat (Master Creation-2),01/12/2024 to 15/12/2024,23/10/2024 23:45,https://indian.handicrafts.gov.in/en/events/view/MjY2
Fashion Show,DEMOLive,20/09/2024 to 30/09/2024,21/10/2024 17:30,https://indian.handicrafts.gov.in/en/events/view/Mzkx
"Gandhi Shilp Bazar National, States, District",GSB(District)-Ahmedabad UH,20/11/2024 to 26/11/2024,20/10/2024 23:45,https://indian.handicrafts.gov.in/en/events/view/MzEz
"Gandhi Shilp Bazar National, States, District",GSB(State)-Bokaro,22/11/2024 to 01/12/2024,20/10/2024 23:45,https://indian.handicrafts.gov.in/en/events/view/MzI0
"Gandhi Shilp Bazar National, States, District",GSB(District)-Gandhinagar,21/11/2024 to 27/11/2024,20/10/2024 23:45,https://indian.handicrafts.gov.in/en/events/view/MzYy
"Gandhi Shilp Bazar National, States, District","Toshali Craft Mela 2024 (GSB National), Bhubaneswar",01/12/2024 to 12/12/2024,20/10/2024 23:45,https://indian.handicrafts.gov.in/en/events/view/Mzg2
Dilli Haat,Dilli Haat,16/11/2024 to 30/11/2024,15/10/2024 23:45,https://indian.handicrafts.gov.in/en/events/view/MjY1
"Gandhi Shilp Bazar National, States, District",GSB(District)-Bhuvaneshwar UH,15/11/2024 to 21/11/2024,15/10/2024 23:45,https://indian.handicrafts.gov.in/en/events/view/MzIz
"Gandhi Shilp Bazar National, States, District",GSB(District)-Navi Mumbai UH,15/11/2024 to 21/11/2024,15/10/2024 23:45,https://indian.handicrafts.gov.in/en/events/view/MzYx
"Gandhi Shilp Bazar National, States, District",GSB(District)-Imphal UH,12/11/2024 to 18/11/2024,15/10/2024 23:45,https://indian.handicrafts.gov.in/en/events/view/Mzcz
"Gandhi Shilp Bazar National, States, District",GSB(District)-Durgapur UH,19/11/2024 to 25/11/2024,10/10/2024 23:45,https://indian.handicrafts.gov.in/en/events/view/Mjk3
"Gandhi Shilp Bazar National, States, District",GSB(State)-Nashik,08/11/2024 to 17/11/2024,10/10/2024 23:45,https://indian.handicrafts.gov.in/en/events/view/MzUw
"Gandhi Shilp Bazar National, States, District",GSB(District)-Bhopal UH,11/11/2024 to 17/11/2024,10/10/2024 23:45,https://indian.handicrafts.gov.in/en/events/view/MzYw
"Gandhi Shilp Bazar National, States, District",GSB- Bhopal (STATE),21/10/2024 to 30/10/2024,06/10/2024 16:15,https://indian.handicrafts.gov.in/en/events/view/Mzg0
"Gandhi Shilp Bazar National, States, District",GSB(District)-Jodhpur UH,04/11/2024 to 10/11/2024,05/10/2024 23:45,https://indian.handicrafts.gov.in/en/events/view/MzIy
"Gandhi Shilp Bazar National, States, District",GSB(National)-Varanasi,09/11/2024 to 18/11/2024,05/10/2024 23:45,https://indian.handicrafts.gov.in/en/events/view/MzI4
"Gandhi Shilp Bazar National, States, District",GSB(State)-Chandigarh,05/11/2024 to 14/11/2024,05/10/2024 23:45,https://indian.handicrafts.gov.in/en/events/view/MzMw
"Gandhi Shilp Bazar National, States, District",GSB(District)-Kakinada UH,08/11/2024 to 14/11/2024,05/10/2024 23:45,https://indian.handicrafts.gov.in/en/events/view/MzMz
"Gandhi Shilp Bazar National, States, District",GSB(District)-Agartala UH,01/11/2024 to 07/11/2024,30/09/2024 23:45,https://indian.handicrafts.gov.in/en/events/view/MzA1
"Gandhi Shilp Bazar National, States, District",GSB(District)-Mamallapuram UH,04/11/2024 to 10/11/2024,30/09/2024 23:45,https://indian.handicrafts.gov.in/en/events/view/MzA5
"Gandhi Shilp Bazar National, States, District",GSB(State)-Thiruvanathapuram (Trivandrum),28/10/2024 to 06/11/2024,30/09/2024 23:45,https://indian.handicrafts.gov.in/en/events/view/MzU4
Dilli Haat,Dilli Haat (SAMARTH Training artisans),01/11/2024 to 15/11/2024,29/09/2024 17:00,https://indian.handicrafts.gov.in/en/events/view/MjY0
"Gandhi Shilp Bazar National, States, District",GSB(District)-Hazaribagh UH,21/10/2024 to 27/10/2024,20/09/2024 23:45,https://indian.handicrafts.gov.in/en/events/view/MzE5
"Gandhi Shilp Bazar National, States, District",GSB(State)-Ujjain,18/10/2024 to 27/10/2024,20/09/2024 23:45,https://indian.handicrafts.gov.in/en/events/view/MzQ0
"Gandhi Shilp Bazar National, States, District",GSB(District0-Raipur UH,20/10/2024 to 26/10/2024,20/09/2024 23:45,https://indian.handicrafts.gov.in/en/events/view/MzQ1
"Gandhi Shilp Bazar National, States, District",GSB(District)-Mathura,23/10/2024 to 29/10/2024,20/09/2024 23:45,https://indian.handicrafts.gov.in/en/events/view/MzU0
"Gandhi Shilp Bazar National, States, District",GSB(State)-Nagpur,18/10/2024 to 27/10/2024,20/09/2024 23:45,https://indian.handicrafts.gov.in/en/events/view/MzU5
"Gandhi Shilp Bazar National, States, District","Gandhi Shilp Bazaar (A Handicrafts Expo)  at Silchar, Assam",27/09/2024 to 06/10/2024,19/09/2024 13:00,https://indian.handicrafts.gov.in/en/events/view/Mzc0
"Gandhi Shilp Bazar National, States, District",GSB(District)-Shantiniketan UH,22/10/2024 to 28/10/2024,15/09/2024 23:45,https://indian.handicrafts.gov.in/en/events/view/MzAw
"Gandhi Shilp Bazar National, States, District",GSB(District)-Darbhanga,18/10/2024 to 24/10/2024,15/09/2024 23:45,https://indian.handicrafts.gov.in/en/events/view/MzE3
"Gandhi Shilp Bazar National, States, District",GSB(District)-Kolkata UH,18/10/2024 to 24/10/2024,15/09/2024 23:45,https://indian.handicrafts.gov.in/en/events/view/MzE4
"Gandhi Shilp Bazar National, States, District",GSB(District)-Jagdalpur,15/10/2024 to 21/10/2024,15/09/2024 23:45,https://indian.handicrafts.gov.in/en/events/view/MzQy
"Gandhi Shilp Bazar National, States, District",GSB(State)-Indore,18/10/2024 to 27/10/2024,15/09/2024 23:45,https://indian.handicrafts.gov.in/en/events/view/MzQz
"Gandhi Shilp Bazar National, States, District",GSB(National)-Ahmedabad,15/10/2024 to 24/10/2024,15/09/2024 23:45,https://indian.handicrafts.gov.in/en/events/view/MzQ5
"Gandhi Shilp Bazar National, States, District",GSB(District)-Dimapur UH,21/10/2024 to 27/10/2024,15/09/2024 12:45,https://indian.handicrafts.gov.in/en/events/view/MzA0
"Gandhi Shilp Bazar National, States, District",GSB(District)-Mandi,01/10/2024 to 07/10/2024,10/09/2024 23:45,https://indian.handicrafts.gov.in/en/events/view/Mjg0
"Gandhi Shilp Bazar National, States, District",GSB(District)-Karnal UH,01/10/2024 to 07/10/2024,08/09/2024 23:45,https://indian.handicrafts.gov.in/en/events/view/MzUz
"Gandhi Shilp Bazar National, States, District",GSB(District)-Jammu UH,11/10/2024 to 17/10/2024,05/09/2024 23:45,https://indian.handicrafts.gov.in/en/events/view/MzAy
"Gandhi Shilp Bazar National, States, District",GSB(District)-Guntur UH,09/10/2024 to 15/10/2024,05/09/2024 23:45,https://indian.handicrafts.gov.in/en/events/view/MzA4
"Gandhi Shilp Bazar National, States, District",GSB(State)-Ludhiana,06/10/2024 to 15/10/2024,05/09/2024 23:45,https://indian.handicrafts.gov.in/en/events/view/MzIw
"Gandhi Shilp Bazar National, States, District",GSB(District)-Jaipur UH,06/10/2024 to 12/10/2024,05/09/2024 23:45,https://indian.handicrafts.gov.in/en/events/view/MzIx
"Gandhi Shilp Bazar National, States, District",GSB(State)-Jabalpur,04/10/2024 to 13/10/2024,05/09/2024 23:45,https://indian.handicrafts.gov.in/en/events/view/MzQ3
"Gandhi Shilp Bazar National, States, District",GSB(State)-Pune,04/10/2024 to 13/10/2024,05/09/2024 23:45,https://indian.handicrafts.gov.in/en/events/view/MzQ4
"Gandhi Shilp Bazar National, States, District",GSB (District) at Muzaffarpur,28/09/2024 to 04/10/2024,31/08/2024 23:45,https://indian.handicrafts.gov.in/en/events/view/Mjcw
"Gandhi Shilp Bazar National, States, District",GSB(District)-Agartala UH,01/10/2024 to 07/10/2024,31/08/2024 23:45,https://indian.handicrafts.gov.in/en/events/view/MzAz
"Gandhi Shilp Bazar National, States, District",GSB(State)-Kanpur,01/10/2024 to 10/10/2024,31/08/2024 23:45,https://indian.handicrafts.gov.in/en/events/view/MzEw
"Gandhi Shilp Bazar National, States, District",GSB(District)-Kolkata UH,01/10/2024 to 07/10/2024,31/08/2024 23:45,https://indian.handicrafts.gov.in/en/events/view/MzEy
"Gandhi Shilp Bazar National, States, District",GSB(District)-Deoghar,02/10/2024 to 08/10/2024,31/08/2024 23:45,https://indian.handicrafts.gov.in/en/events/view/MzE1
"Gandhi Shilp Bazar National, States, District",GSB(State)-cuttack,04/10/2024 to 13/10/2024,31/08/2024 23:45,https://indian.handicrafts.gov.in/en/events/view/MzE2
"Gandhi Shilp Bazar National, States, District",GSB(District)-Navi Mumbai UH,27/09/2024 to 03/10/2024,30/08/2024 23:45,https://indian.handicrafts.gov.in/en/events/view/MzQ2
Dilli Haat,Dilli Haat (Master Creation-1),16/10/2024 to 31/10/2024,29/08/2024 16:45,https://indian.handicrafts.gov.in/en/events/view/MjYz
"Gandhi Shilp Bazar National, States, District",GSB(State)-Itanagar,22/09/2024 to 01/10/2024,25/08/2024 23:45,https://indian.handicrafts.gov.in/en/events/view/Mjkx
"Gandhi Shilp Bazar National, States, District",GSB(District)-Rajkot,26/09/2024 to 02/10/2024,25/08/2024 23:45,https://indian.handicrafts.gov.in/en/events/view/MzE0
"Gandhi Shilp Bazar National, States, District",GSB(District)-Tirupati UH,27/09/2024 to 03/10/2024,25/08/2024 11:30,https://indian.handicrafts.gov.in/en/events/view/MzA3
"Gandhi Shilp Bazar National, States, District",GSB(District)-Mysuru UH,20/09/2024 to 26/09/2024,20/08/2024 23:45,https://indian.handicrafts.gov.in/en/events/view/Mjc5
"Gandhi Shilp Bazar National, States, District",GSB(District)-Aurangabad,22/09/2024 to 28/09/2024,20/08/2024 23:45,https://indian.handicrafts.gov.in/en/events/view/Mjgw
"Gandhi Shilp Bazar National, States, District",GSB(State)-Prayagraj,17/09/2024 to 26/09/2024,20/08/2024 23:45,https://indian.handicrafts.gov.in/en/events/view/Mjg3
"Gandhi Shilp Bazar National, States, District",GSB(District)-Howrah,23/09/2024 to 29/09/2024,20/08/2024 23:45,https://indian.handicrafts.gov.in/en/events/view/Mjk5
"Gandhi Shilp Bazar National, States, District",GSB(State)-Vijaywada,20/09/2024 to 29/09/2024,20/08/2024 23:45,https://indian.handicrafts.gov.in/en/events/view/MzQw
"Gandhi Shilp Bazar National, States, District",GSB(District)-Karnal UH,15/09/2024 to 21/09/2024,15/08/2024 23:45,https://indian.handicrafts.gov.in/en/events/view/Mjkz
"Gandhi Shilp Bazar National, States, District",GSB(District)-Gorakhpur,15/09/2024 to 21/09/2024,15/08/2024 23:45,https://indian.handicrafts.gov.in/en/events/view/MzEx
"Gandhi Shilp Bazar National, States, District",GSB(District)-Rajahmundry,30/08/2024 to 05/09/2024,15/08/2024 23:45,https://indian.handicrafts.gov.in/en/events/view/MzM5
"Gandhi Shilp Bazar National, States, District",GSB(District)-Dhanbad,10/09/2024 to 16/09/2024,10/08/2024 23:45,https://indian.handicrafts.gov.in/en/events/view/Mjc1
"Gandhi Shilp Bazar National, States, District",GSB(State)-Durgapur UH,13/09/2024 to 22/09/2024,10/08/2024 23:45,https://indian.handicrafts.gov.in/en/events/view/Mjg5
"Gandhi Shilp Bazar National, States, District",GSB(State)-Surat,13/09/2024 to 22/09/2024,10/08/2024 23:45,https://indian.handicrafts.gov.in/en/events/view/Mjkw
"Gandhi Shilp Bazar National, States, District",GSB(District)-Indore UH,13/09/2024 to 19/09/2024,05/08/2024 23:45,https://indian.handicrafts.gov.in/en/events/view/Mjgz
"Gandhi Shilp Bazar National, States, District",GSB(District)-Jhansi UH,14/09/2024 to 20/09/2024,05/08/2024 23:45,https://indian.handicrafts.gov.in/en/events/view/Mjg1
"Gandhi Shilp Bazar National, States, District",GSB(State)-Shimla,08/09/2024 to 17/09/2024,05/08/2024 23:45,https://indian.handicrafts.gov.in/en/events/view/Mjg4
"Gandhi Shilp Bazar National, States, District",GSB(District)-Agra UH,05/09/2024 to 11/09/2024,05/08/2024 23:45,https://indian.handicrafts.gov.in/en/events/view/Mjky
Dilli Haat,Dilli Haat (Sustainable Crafts),01/09/2024 to 15/09/2024,30/07/2024 16:45,https://indian.handicrafts.gov.in/en/events/view/MjYy
"Gandhi Shilp Bazar National, States, District",GSB(District)-Jodhpur UH,02/08/2024 to 08/08/2024,28/07/2024 23:45,https://indian.handicrafts.gov.in/en/events/view/Mjk0
"Gandhi Shilp Bazar National, States, District",GSB(District)-Mangaluru UH,16/09/2024 to 22/09/2024,20/07/2024 23:45,https://indian.handicrafts.gov.in/en/events/view/Mjc4
"Gandhi Shilp Bazar National, States, District",GSB (District)- Bhopal,11/09/2024 to 17/09/2024,15/07/2024 23:45,https://indian.handicrafts.gov.in/en/events/view/Mjc2
"Gandhi Shilp Bazar National, States, District",GSB(State)-Srinagar,01/08/2024 to 10/08/2024,15/07/2024 23:45,https://indian.handicrafts.gov.in/en/events/view/Mjg2
"Gandhi Shilp Bazar National, States, District",GSB(District) at Hazaribagh UH,07/08/2024 to 13/08/2024,30/06/2024 23:45,https://indian.handicrafts.gov.in/en/events/view/Mjc0
Dilli Haat,Dilli Haat (Handloom Day),01/08/2024 to 15/08/2024,30/06/2024 16:30,https://indian.handicrafts.gov.in/en/events/view/MjYw
Dilli Haat,Dilli Haat (Shilp Didi),16/08/2024 to 31/08/2024,30/06/2024 16:30,https://indian.handicrafts.gov.in/en/events/view/MjYx
"Gandhi Shilp Bazar National, States, District",GSB(District) at Salem,06/08/2024 to 12/08/2024,28/06/2024 23:45,https://indian.handicrafts.gov.in/en/events/view/Mjcz
"Gandhi Shilp Bazar National, States, District",GSB(District) at Mysuru,02/08/2024 to 08/08/2024,27/06/2024 23:45,https://indian.handicrafts.gov.in/en/events/view/Mjcy
"Gandhi Shilp Bazar National, States, District",GSB (District) at Dimapur UH,01/08/2024 to 07/08/2024,25/06/2024 23:45,https://indian.handicrafts.gov.in/en/events/view/MjY4
"Gandhi Shilp Bazar National, States, District",GSB(District) at Leh,01/08/2024 to 07/08/2024,25/06/2024 23:45,https://indian.handicrafts.gov.in/en/events/view/Mjcx
"Gandhi Shilp Bazar National, States, District",GSB(District)-Rampur UH,01/07/2024 to 07/07/2024,23/06/2024 23:45,https://indian.handicrafts.gov.in/en/events/view/Mjgx
"Gandhi Shilp Bazar National, States, District",GSB (District) at Jorhat,01/07/2024 to 07/07/2024,16/06/2024 23:45,https://indian.handicrafts.gov.in/en/events/view/MjY3
"Gandhi Shilp Bazar National, States, District",GSB (District) at Cherapunjee,01/07/2024 to 07/07/2024,16/06/2024 23:45,https://indian.handicrafts.gov.in/en/events/view/MjY5
Dilli Haat,Dilli Haat (Start Ups),01/07/2024 to 15/07/2024,30/05/2024 16:15,https://indian.handicrafts.gov.in/en/events/view/MjU5
Dilli Haat,Dilli Haat (GI Craft),01/06/2024 to 15/06/2024,20/05/2024 15:30,https://indian.handicrafts.gov.in/en/events/view/MjU3
Dilli Haat,Dilli Haat (ST artisans),16/06/2024 to 30/06/2024,20/05/2024 13:00,https://indian.handicrafts.gov.in/en/events/view/MjU4
Dilli Haat,Dilli Haat,16/05/2024 to 31/05/2024,08/05/2024 23:45,https://indian.handicrafts.gov.in/en/events/view/MjU2
Dilli Haat,Dilli Haat,01/05/2024 to 15/05/2024,31/03/2024 23:45,https://indian.handicrafts.gov.in/en/events/view/MjU1
Dilli Haat,Dilli Haat,16/04/2024 to 30/04/2024,03/03/2024 23:45,https://indian.handicrafts.gov.in/en/events/view/MjQ3
Dilli Haat,Dilli Haat,01/04/2024 to 15/04/2024,29/02/2024 23:45,https://indian.handicrafts.gov.in/en/events/view/MjQ2
Dilli Haat,Dilli Haat,01/03/2024 to 15/03/2024,14/02/2024 17:00,https://indian.handicrafts.gov.in/en/events/view/MjQy
Dilli Haat,Dilli Haat,16/02/2024 to 29/02/2024,14/01/2024 23:45,https://indian.handicrafts.gov.in/en/events/view/MjI3
